basområde,tid,PCA_Faktor_1,PCA_Faktor_2,PCA_Faktor_3
Alsätter västra,2024,9.035,-3.518,-1.164
Alsätter östra,2024,8.337,2.719,-0.299
Arnebo,2024,-1.093,-0.203,0.843
Askeby,2024,-2.483,0.273,-1.109
Askeby glesbygd,2024,-2.317,0.423,-0.155
Aspnäset,2024,-0.076,-0.172,3.091
Bankekind,2024,-2.426,0.54,-0.222
Bankekind norra glesbygd,2024,-1.374,0.481,0.328
Bankekind södra glesbygd,2024,-1.331,0.413,0.37
Barhäll,2024,-1.707,0.606,-1.249
Berg,2024,-2.579,0.066,-0.652
Berg norra glesbygd,2024,-1.038,0.352,0.723
Berg södra glesbygd,2024,-2.179,0.677,-0.063
Berga glesbygd,2024,-0.618,0.723,1.391
Bestorp norra glesbygd,2024,0.173,1.339,1.138
Bestorp södra glesbygd,2024,-1.445,0.786,0.319
Bestorp västra,2024,-0.817,0.379,2.162
Bestorp östra,2024,0.17,1.539,0.512
Bjärka-Säby,2024,-0.943,-0.522,0.652
Björkeberg glesbygd,2024,-1.449,1.769,0.737
Björkeberg kyrkby,2024,-0.847,1.16,-0.687
Björnkärr,2024,-1.248,0.97,0.35
Blästad,2024,-1.612,0.113,1.014
Brokind,2024,-3.012,0.18,-0.676
Brokind norra glesbygd,2024,-2.502,0.081,1.245
Brokind södra glesbygd,2024,-2.064,0.232,-0.28
Brunnby-Heda,2024,-1.23,0.7,-0.298
Djurgården centrum,2024,3.598,-5.92,-5.169
Duvkullen,2024,1.248,0.058,0.413
Ebbepark,2024,2.412,-3.522,-1.656
Ekholmen centrum,2024,3.312,0.172,1.862
Ektuna,2024,-3.385,0.677,0.268
Ekängen glesbygd,2024,-0.0,-0.014,0.437
Fjälla,2024,-1.892,0.157,0.082
Flistad kyrkby,2024,-0.359,-2.087,-0.238
Folkets Park,2024,-0.426,-1.201,-0.451
Folkungavallen,2024,3.586,-6.456,-4.876
Fridhem,2024,3.146,-3.188,0.447
Fridsberg,2024,-3.408,0.054,-1.505
Gamla Ekkällan,2024,2.235,-2.941,0.795
Gamla Gottfridsberg,2024,3.564,-1.46,0.336
Gamla Linghem,2024,-1.529,0.283,0.486
Gamla Malmslätt,2024,-0.929,-0.198,0.709
Gamla Ramshäll,2024,-0.467,-0.691,0.668
Gamla Tannefors,2024,2.58,-0.492,1.48
Gamla Valla,2024,3.34,-4.692,-0.96
Gamla Vimanshäll,2024,-1.67,0.261,-0.932
Gammalkil glesbygd,2024,-1.708,0.895,0.524
Gistad,2024,-0.243,0.398,0.343
Gistad glesbygd,2024,-1.993,0.107,0.412
Gullberg,2024,-2.772,1.445,-1.173
Gälstad-Lundby,2024,-2.766,0.821,-1.171
Hackefors nordväst,2024,-2.685,0.151,-0.877
Hagaberg,2024,-1.899,-1.566,0.738
Haninge västra,2024,-2.099,0.039,-0.202
Haninge östra,2024,2.617,1.217,0.242
Harvestad östra,2024,-2.413,0.899,-2.046
Hejdegården norra,2024,3.33,-1.552,0.845
Himna södra,2024,-2.757,0.659,-0.494
Hjulsbro östra,2024,-3.499,1.002,-0.632
Holmen,2024,-1.447,1.299,-0.7
Hunneberg,2024,3.146,-3.104,1.558
Innerstaden nordost,2024,3.052,-1.394,1.261
Innerstaden nordväst,2024,2.109,-1.943,0.714
Innerstaden sydost,2024,1.926,-2.019,1.483
Innerstaden sydväst,2024,2.006,-1.551,2.795
Johannelund västra,2024,4.138,-0.715,0.907
Johannesborg,2024,2.604,-3.441,1.038
Jägarvallen,2024,-1.962,0.837,-1.32
Kanaljorden,2024,-0.606,0.639,-0.679
Kanberget,2024,1.146,-2.011,0.946
Kolbyttemon,2024,-2.144,0.769,-1.726
Kränge,2024,-2.882,0.831,-1.732
Kungsberget,2024,1.788,-2.378,0.172
Kvinneby,2024,0.579,-0.282,2.843
Källhemsområdet,2024,-2.632,0.421,0.232
Kärna-Ledberg glesbygd,2024,-2.294,0.29,-0.172
Lambohov västra,2024,-3.896,-0.407,-0.579
Landeryd norra,2024,3.544,-1.226,4.424
Landeryd västra glesbygd,2024,0.702,0.404,1.795
Landeryd östra glesbygd,2024,-2.253,0.605,0.26
Ledberg kyrkby,2024,-3.002,0.973,-2.307
Lilla Mjärdevi,2024,2.46,0.089,0.001
Linghem norra glesbygd,2024,-1.606,0.564,0.255
Linghem södra glesbygd,2024,-1.087,0.804,0.504
Ljungsbro centrum,2024,2.253,0.696,0.955
Ljungsbro mellersta glesbygd,2024,-0.893,0.409,0.626
Ljungsbro norra,2024,-2.908,0.513,-0.683
Ljungsbro norra glesbygd,2024,-1.846,0.397,-0.162
Ljungsbro södra glesbygd,2024,-1.352,1.102,0.554
Majelden västra,2024,7.648,1.169,0.977
Majelden östra,2024,4.118,0.227,0.207
Malmslätt östra glesbygd,2024,-1.667,0.478,1.512
Manstorp,2024,-1.373,0.203,-0.602
Mariedal,2024,-1.056,-0.138,0.779
Maspelösa,2024,-2.567,0.86,-1.959
Munkgärdet,2024,2.206,-1.547,0.05
Munkhagen,2024,1.294,-1.272,2.705
Möjetorp,2024,-2.127,-0.045,-0.13
Nedre Ullstämma,2024,-0.84,0.978,-0.279
Nedre Vasastaden,2024,1.773,-2.284,1.186
Norrberga,2024,-1.707,0.266,-1.252
Nygård,2024,9.066,3.809,-0.178
Nykil,2024,-1.611,0.2,0.543
Nykil norra glesbygd,2024,-1.413,0.903,0.298
Nykil södra glesbygd,2024,-1.695,0.138,0.122
Näsby,2024,-4.231,0.846,-1.448
Rappestad,2024,-2.848,0.66,-0.908
Rappestad glesbygd,2024,-2.21,0.908,0.255
Ringstorp,2024,-0.86,2.214,0.223
Risbrinken,2024,2.923,-1.551,1.82
Rosendal,2024,12.499,6.782,-1.195
Roxenbaden,2024,-2.289,-0.328,0.386
Roxtuna,2024,-1.416,0.478,-0.047
Rystads kyrkby,2024,-0.715,0.466,-0.506
Råberga,2024,1.82,-1.102,-0.244
Sjögestad,2024,-1.086,0.75,-0.664
Sjögestad glesbygd,2024,-1.018,-0.067,-0.334
Skarpan,2024,1.997,-0.58,0.534
Skeda Udde,2024,-2.809,0.627,-0.769
Skeda kyrkby,2024,0.646,2.729,1.482
Skeda norra glesbygd,2024,-1.976,0.714,-0.31
Skeda södra glesbygd,2024,-2.54,0.527,-0.832
Skogsvallen,2024,2.143,-2.746,-0.856
Skonberga,2024,-3.358,0.434,-0.125
Slaka glesbygd,2024,-1.429,0.642,0.473
Slaka västra,2024,-3.515,0.319,-1.495
Slaka östra,2024,-3.184,-0.046,-1.907
Slestad,2024,2.434,0.258,-0.571
Slycke,2024,-1.408,1.582,-0.667
Sockenmarken,2024,-0.895,0.214,-0.001
Solhaga,2024,6.471,-0.33,-0.965
Steninge,2024,1.686,-2.229,-1.411
Stensätter,2024,-3.318,0.792,-1.907
Stolplyckan,2024,3.693,-0.348,0.638
Sturefors glesbygd,2024,-1.95,0.141,-0.354
Sturefors norra,2024,-1.694,0.083,0.456
Sturefors södra,2024,-3.193,0.507,-1.09
Stångebro östra,2024,18.951,5.741,-2.712
Svartmåla-Unön,2024,-1.697,-0.289,0.973
Sätra,2024,-2.104,-0.159,-0.792
Sättuna,2024,-3.17,1.007,-0.996
Sågareholmen,2024,-0.993,-2.281,-0.834
Södra Ekkällan,2024,0.722,-2.35,-1.207
Sörgården,2024,12.6,6.178,-1.359
T 1 norra,2024,2.395,-2.29,0.275
T 1 södra,2024,-0.311,-0.274,-0.521
Tallboda glesbygd,2024,-1.472,0.69,-0.593
Tallboda norra,2024,-1.518,1.001,-0.617
Tallboda södra,2024,-0.52,0.717,-0.277
Tinneröhöjden,2024,-0.825,-1.903,1.327
Tokarp,2024,-1.94,0.799,0.029
Tornhagen,2024,0.288,-1.821,0.33
Ullstämma södra,2024,-3.1,0.953,-2.186
Ullstämma västra,2024,-1.698,-0.208,0.825
Ulrika,2024,1.652,1.32,0.789
Ulrika glesbygd,2024,0.321,0.853,0.625
Universitetsjukhuset,2024,-1.989,-1.096,1.712
Universitetsområdet,2024,7.617,-6.121,-2.526
Vallastaden,2024,4.926,-3.987,-0.542
Vidingsjö nordost,2024,-2.925,0.467,-0.678
Vidingsjö nordväst,2024,-3.189,0.176,-0.276
Vidingsjö sydost,2024,-1.315,-0.233,1.111
Vidingsjö sydväst,2024,-0.799,-0.621,2.321
Vikingstad glesbygd,2024,-1.695,0.565,0.564
Vikingstad norra,2024,-1.956,0.291,0.232
Vikingstad södra,2024,-1.146,0.273,-0.437
Vreta,2024,-0.538,-1.245,2.103
Västerberga,2024,9.317,3.696,-1.008
Västerlösa,2024,-1.595,1.529,1.078
Västerlösa glesbygd,2024,-2.016,0.475,-0.016
Vårdsbergs kors,2024,-0.698,1.956,1.272
Änggården,2024,1.126,0.896,-0.742
Åbylund,2024,4.449,-1.819,1.411
Åleryd,2024,-1.123,-0.419,0.902
Ånestad norra,2024,-2.802,0.212,-1.282
Ånestad södra,2024,-2.769,0.138,-0.521
Örtomta,2024,-1.996,1.023,-0.621
Örtomta västra glesbygd,2024,-1.819,0.935,0.808
Örtomta östra glesbygd,2024,-0.588,0.909,1.701
Österberga norra,2024,7.48,1.673,-0.467
Österberga södra,2024,-2.473,0.191,0.443
Östernäs,2024,-3.072,1.046,-2.151
Övre Vasastaden västra,2024,5.638,-0.152,0.691
Övre Vasastaden östra,2024,3.916,-2.331,0.206
Alsätter västra,2023,9.046,-3.549,-1.248
Alsätter östra,2023,8.372,2.412,-0.941
Arnebo,2023,-1.273,-0.17,0.945
Askeby,2023,-2.527,0.284,-0.914
Askeby glesbygd,2023,-2.373,0.185,-0.057
Aspnäset,2023,0.009,-0.144,2.703
Bankekind,2023,-2.504,0.594,-0.465
Bankekind norra glesbygd,2023,-1.588,0.473,0.42
Bankekind södra glesbygd,2023,-1.382,0.363,-0.03
Barhäll,2023,-1.639,0.836,-1.379
Berg,2023,-2.6,0.152,-0.58
Berg norra glesbygd,2023,-0.701,0.43,0.914
Berg södra glesbygd,2023,-2.514,0.6,-0.285
Berga glesbygd,2023,-0.707,0.907,1.116
Bestorp norra glesbygd,2023,1.269,1.88,0.325
Bestorp södra glesbygd,2023,-1.715,0.901,0.147
Bestorp västra,2023,-1.09,0.818,2.07
Bestorp östra,2023,-0.65,1.291,0.15
Bjärka-Säby,2023,-1.028,-0.638,0.321
Björkeberg glesbygd,2023,-1.115,2.149,0.562
Björkeberg kyrkby,2023,-1.074,1.143,-0.69
Björnkärr,2023,-1.446,0.809,0.328
Blästad,2023,-1.461,0.492,0.983
Brokind,2023,-2.743,0.298,-0.343
Brokind norra glesbygd,2023,-1.468,0.041,1.596
Brokind södra glesbygd,2023,-2.164,0.023,-0.147
Brunnby-Heda,2023,-1.251,0.778,-0.322
Djurgården centrum,2023,3.473,-5.885,-5.342
Duvkullen,2023,0.965,-0.151,0.33
Ebbepark,2023,2.111,-3.692,-1.597
Ekholmen centrum,2023,3.496,0.029,1.743
Ektuna,2023,-3.392,0.534,0.211
Ekängen glesbygd,2023,-0.255,0.133,0.944
Fjälla,2023,-1.918,0.325,0.776
Flistad kyrkby,2023,0.874,-2.112,0.265
Folkets Park,2023,-0.369,-1.319,-0.492
Folkungavallen,2023,3.527,-6.34,-5.079
Fridhem,2023,3.193,-3.298,0.521
Fridsberg,2023,-3.336,0.165,-1.429
Gamla Ekkällan,2023,2.648,-2.688,0.992
Gamla Gottfridsberg,2023,3.591,-1.722,0.462
Gamla Linghem,2023,-1.431,0.307,0.397
Gamla Malmslätt,2023,-0.899,-0.225,0.515
Gamla Ramshäll,2023,-0.718,-0.981,0.64
Gamla Tannefors,2023,2.663,-0.622,1.173
Gamla Valla,2023,3.173,-4.625,-0.81
Gamla Vimanshäll,2023,-1.929,0.203,-0.794
Gammalkil glesbygd,2023,-1.926,0.977,0.627
Gistad,2023,-0.471,0.327,0.076
Gistad glesbygd,2023,-2.071,-0.094,-0.04
Gullberg,2023,-2.479,1.275,-1.259
Gälstad-Lundby,2023,-2.594,0.752,-1.214
Hackefors nordväst,2023,-2.543,0.504,-0.861
Hagaberg,2023,-1.772,-1.519,1.01
Haninge västra,2023,-1.91,0.009,-0.145
Haninge östra,2023,2.674,1.448,0.261
Harvestad östra,2023,-2.446,0.72,-2.014
Hejdegården norra,2023,3.028,-1.674,0.924
Himna södra,2023,-2.83,0.527,-0.588
Hjulsbro östra,2023,-3.294,0.742,-0.65
Holmen,2023,-1.71,1.447,-0.777
Hunneberg,2023,3.094,-3.065,1.422
Innerstaden nordost,2023,2.97,-1.539,1.356
Innerstaden nordväst,2023,2.393,-1.998,0.599
Innerstaden sydost,2023,1.883,-1.959,1.807
Innerstaden sydväst,2023,2.077,-1.475,2.586
Johannelund västra,2023,4.122,-0.858,0.847
Johannesborg,2023,2.43,-3.374,1.198
Jägarvallen,2023,-2.345,0.688,-0.992
Kanaljorden,2023,0.521,1.369,-0.096
Kanberget,2023,1.031,-2.004,0.881
Kolbyttemon,2023,-2.642,0.496,-1.663
Kränge,2023,-2.8,1.048,-1.598
Kungsberget,2023,2.101,-2.374,0.232
Kvinneby,2023,0.758,-0.111,2.78
Källhemsområdet,2023,-2.725,0.444,0.008
Kärna-Ledberg glesbygd,2023,-2.356,0.205,-0.327
Lambohov västra,2023,-4.024,-0.118,-0.838
Landeryd norra,2023,3.864,-0.336,4.928
Landeryd västra glesbygd,2023,0.806,0.459,0.739
Landeryd östra glesbygd,2023,-1.976,0.571,0.237
Ledberg kyrkby,2023,-2.668,1.074,-1.916
Lilla Mjärdevi,2023,2.697,0.111,-0.402
Linghem norra glesbygd,2023,-1.63,0.732,0.405
Linghem södra glesbygd,2023,-0.722,1.138,0.727
Ljungsbro centrum,2023,2.268,0.506,1.251
Ljungsbro mellersta glesbygd,2023,-1.013,0.174,0.693
Ljungsbro norra,2023,-2.97,0.723,-0.596
Ljungsbro norra glesbygd,2023,-1.701,0.493,-0.22
Ljungsbro södra glesbygd,2023,-1.286,0.916,0.423
Majelden västra,2023,7.49,0.586,1.034
Majelden östra,2023,3.325,-0.224,0.47
Malmslätt östra glesbygd,2023,-1.871,0.321,0.661
Manstorp,2023,-1.408,0.391,-0.772
Mariedal,2023,-1.157,-0.105,0.599
Maspelösa,2023,-2.489,1.339,-1.538
Munkgärdet,2023,2.042,-1.749,0.392
Munkhagen,2023,1.551,-1.254,2.62
Möjetorp,2023,-2.431,-0.028,-0.541
Nedre Ullstämma,2023,-0.749,1.084,-0.303
Nedre Vasastaden,2023,1.674,-2.305,1.242
Norrberga,2023,-1.428,0.32,-1.197
Nygård,2023,8.975,3.173,-0.378
Nykil,2023,-1.238,0.392,0.789
Nykil norra glesbygd,2023,-1.321,0.866,0.474
Nykil södra glesbygd,2023,-1.73,-0.107,0.044
Näsby,2023,-4.107,0.783,-1.525
Rappestad,2023,-2.814,0.405,-0.716
Rappestad glesbygd,2023,-2.359,0.826,0.016
Ringstorp,2023,-0.773,1.779,0.833
Risbrinken,2023,2.63,-1.797,1.903
Rosendal,2023,11.978,5.981,-1.8
Roxenbaden,2023,-1.889,-0.512,1.018
Roxtuna,2023,-1.545,0.427,-0.226
Rystads kyrkby,2023,-0.944,0.097,-0.272
Råberga,2023,1.779,-1.698,-0.613
Sjögestad,2023,-0.899,0.689,-0.683
Sjögestad glesbygd,2023,-1.065,-0.093,-0.402
Skarpan,2023,2.213,-0.499,0.925
Skeda Udde,2023,-2.669,0.633,-0.539
Skeda kyrkby,2023,-1.239,0.574,1.61
Skeda norra glesbygd,2023,-1.895,0.712,-0.332
Skeda södra glesbygd,2023,-2.828,0.415,-0.548
Skogsvallen,2023,-0.172,-1.832,-1.511
Skonberga,2023,-3.359,0.403,-0.051
Slaka glesbygd,2023,-1.434,0.676,0.483
Slaka västra,2023,-3.726,0.336,-1.46
Slaka östra,2023,-3.255,0.375,-1.484
Slestad,2023,2.376,0.151,-0.715
Slycke,2023,-1.652,1.746,0.612
Sockenmarken,2023,-1.003,0.169,-0.094
Solhaga,2023,6.595,-0.584,-1.167
Steninge,2023,1.828,-2.349,-1.456
Stensätter,2023,-3.209,0.722,-1.894
Stolplyckan,2023,3.838,-0.366,0.369
Sturefors glesbygd,2023,-1.708,0.366,-0.326
Sturefors norra,2023,-1.765,0.127,0.393
Sturefors södra,2023,-3.124,0.682,-1.088
Stångebro östra,2023,20.22,7.906,-1.075
Svartmåla-Unön,2023,-1.407,-0.066,1.056
Sätra,2023,-2.221,-0.046,-0.232
Sättuna,2023,-2.955,1.462,-1.064
Sågareholmen,2023,-0.834,-2.15,-0.6
Södra Ekkällan,2023,0.506,-2.417,-1.219
Sörgården,2023,12.668,5.725,-2.079
T 1 norra,2023,2.393,-2.339,0.119
T 1 södra,2023,-0.528,-0.195,-0.607
Tallboda glesbygd,2023,-1.335,0.616,-0.411
Tallboda norra,2023,-1.535,1.039,-0.831
Tallboda södra,2023,-0.412,0.564,-0.287
Tinneröhöjden,2023,-0.563,-1.889,1.326
Tokarp,2023,-1.92,0.695,0.119
Tornhagen,2023,0.336,-1.91,0.14
Ullstämma södra,2023,-3.137,1.11,-2.18
Ullstämma västra,2023,-1.743,-0.1,0.776
Ulrika,2023,2.147,1.131,1.202
Ulrika glesbygd,2023,0.269,0.936,0.84
Universitetsjukhuset,2023,-1.561,-0.792,1.399
Universitetsområdet,2023,7.682,-6.366,-2.015
Vallastaden,2023,5.054,-4.04,-0.437
Vidingsjö nordost,2023,-2.885,0.561,-0.26
Vidingsjö nordväst,2023,-3.295,0.173,0.002
Vidingsjö sydost,2023,-1.263,-0.282,1.108
Vidingsjö sydväst,2023,-0.622,-0.523,2.46
Vikingstad glesbygd,2023,-1.602,0.571,0.531
Vikingstad norra,2023,-1.834,0.228,0.255
Vikingstad södra,2023,-1.391,-0.097,-0.681
Vreta,2023,-0.522,-1.067,1.146
Västerberga,2023,9.258,3.371,-1.518
Västerlösa,2023,-1.274,2.221,1.127
Västerlösa glesbygd,2023,-1.814,0.647,-0.093
Vårdsbergs kors,2023,-0.602,2.614,1.847
Änggården,2023,1.186,0.924,-0.94
Åbylund,2023,4.366,-2.233,0.98
Åleryd,2023,-1.406,-0.37,0.913
Ånestad norra,2023,-2.745,0.319,-1.068
Ånestad södra,2023,-2.527,0.217,-0.487
Örtomta,2023,-1.98,1.106,-0.279
Örtomta västra glesbygd,2023,-2.077,1.288,0.019
Örtomta östra glesbygd,2023,-0.909,0.896,1.272
Österberga norra,2023,7.197,1.228,-0.761
Österberga södra,2023,-2.514,0.16,0.353
Östernäs,2023,-3.158,1.133,-2.214
Övre Vasastaden västra,2023,5.838,-0.022,0.774
Övre Vasastaden östra,2023,3.449,-2.748,0.292
Alsätter västra,2022,9.13,-3.209,-1.238
Alsätter östra,2022,8.243,2.661,-0.726
Arnebo,2022,-1.308,0.373,0.869
Askeby,2022,-2.205,0.762,-0.608
Askeby glesbygd,2022,-2.476,0.169,0.311
Aspnäset,2022,0.043,0.108,2.57
Bankekind,2022,-2.594,0.555,-0.297
Bankekind norra glesbygd,2022,-1.793,0.305,0.453
Bankekind södra glesbygd,2022,-1.349,0.032,0.12
Barhäll,2022,-1.538,0.691,-0.829
Berg,2022,-2.633,0.166,-0.592
Berg norra glesbygd,2022,-0.71,0.388,0.885
Berg södra glesbygd,2022,-2.287,1.038,0.23
Berga glesbygd,2022,-0.833,0.943,1.408
Bestorp norra glesbygd,2022,0.723,1.57,0.955
Bestorp södra glesbygd,2022,-1.761,0.724,0.521
Bestorp västra,2022,-1.068,0.782,1.788
Bestorp östra,2022,-0.14,2.039,0.552
Bjärka-Säby,2022,-1.406,-0.508,0.207
Björkeberg glesbygd,2022,-1.674,1.572,0.512
Björkeberg kyrkby,2022,-1.361,1.093,0.051
Björnkärr,2022,-1.385,0.768,0.077
Blästad,2022,-1.525,0.315,0.877
Brokind,2022,-2.652,0.43,-0.368
Brokind norra glesbygd,2022,-1.719,0.084,1.192
Brokind södra glesbygd,2022,-2.158,0.085,-0.403
Brunnby-Heda,2022,-1.454,0.565,-0.244
Djurgården centrum,2022,3.522,-5.647,-3.626
Duvkullen,2022,0.724,-0.433,0.119
Ebbepark,2022,1.249,-3.199,-2.096
Ekholmen centrum,2022,3.249,-0.03,1.733
Ektuna,2022,-3.26,0.728,0.04
Ekängen glesbygd,2022,0.1,0.022,0.644
Fjälla,2022,-1.816,0.447,0.513
Flistad kyrkby,2022,0.911,-1.835,0.352
Folkets Park,2022,-0.139,-1.253,-0.934
Folkungavallen,2022,3.526,-6.135,-3.512
Fridhem,2022,3.098,-3.169,-0.179
Fridsberg,2022,-3.309,0.09,-1.357
Gamla Ekkällan,2022,2.107,-2.721,0.684
Gamla Gottfridsberg,2022,3.531,-1.739,0.195
Gamla Linghem,2022,-1.405,0.334,0.296
Gamla Malmslätt,2022,-0.755,-0.115,0.337
Gamla Ramshäll,2022,-0.657,-0.743,-0.065
Gamla Tannefors,2022,2.598,-0.673,0.525
Gamla Valla,2022,3.207,-4.41,-1.038
Gamla Vimanshäll,2022,-1.95,0.166,-0.998
Gammalkil glesbygd,2022,-1.875,0.539,1.08
Gistad,2022,-0.71,0.484,0.239
Gistad glesbygd,2022,-1.794,0.127,0.173
Gullberg,2022,-2.542,1.437,-1.128
Gälstad-Lundby,2022,-2.282,0.797,-0.6
Hackefors nordväst,2022,-2.529,0.903,-0.794
Hagaberg,2022,-1.658,-1.396,0.293
Haninge västra,2022,-1.824,0.081,-0.063
Haninge östra,2022,2.499,1.333,0.09
Harvestad östra,2022,-2.458,0.641,-1.73
Hejdegården norra,2022,2.741,-1.975,0.44
Himna södra,2022,-2.878,0.736,-0.328
Hjulsbro östra,2022,-3.286,0.646,-0.832
Holmen,2022,-1.521,1.332,-0.554
Hunneberg,2022,2.862,-2.836,0.583
Innerstaden nordost,2022,2.856,-1.383,0.656
Innerstaden nordväst,2022,2.455,-1.957,-0.071
Innerstaden sydost,2022,1.747,-1.93,0.824
Innerstaden sydväst,2022,2.157,-1.362,1.55
Johannelund västra,2022,3.864,-0.979,0.181
Johannesborg,2022,2.219,-3.421,-0.026
Jägarvallen,2022,-2.063,0.857,-0.481
Kanaljorden,2022,-0.281,0.829,-0.168
Kanberget,2022,1.252,-1.989,0.229
Kolbyttemon,2022,-2.852,0.664,-1.496
Kränge,2022,-3.081,1.033,-0.965
Kungsberget,2022,2.129,-2.361,-0.393
Kvinneby,2022,0.793,-0.081,2.039
Källhemsområdet,2022,-2.623,0.45,0.076
Kärna-Ledberg glesbygd,2022,-2.435,0.164,-0.052
Lambohov västra,2022,-3.824,0.053,-0.515
Landeryd norra,2022,10.03,-1.32,12.362
Landeryd västra glesbygd,2022,0.668,0.499,1.239
Landeryd östra glesbygd,2022,-2.147,0.587,0.402
Ledberg kyrkby,2022,-1.698,0.73,-0.489
Lilla Mjärdevi,2022,2.34,-0.185,-0.589
Linghem norra glesbygd,2022,-1.694,0.394,0.8
Linghem södra glesbygd,2022,-0.634,1.046,1.233
Ljungsbro centrum,2022,2.295,0.564,1.031
Ljungsbro mellersta glesbygd,2022,-1.042,0.276,0.789
Ljungsbro norra,2022,-2.936,0.688,-0.314
Ljungsbro norra glesbygd,2022,-1.761,0.37,0.377
Ljungsbro södra glesbygd,2022,-1.162,0.897,0.784
Majelden västra,2022,6.73,0.342,0.278
Majelden östra,2022,3.28,-0.377,-0.142
Malmslätt östra glesbygd,2022,-1.615,0.806,0.654
Manstorp,2022,-1.429,0.24,-0.44
Mariedal,2022,-0.898,0.025,0.452
Maspelösa,2022,-2.293,1.058,-1.5
Munkgärdet,2022,2.117,-1.71,-0.522
Munkhagen,2022,1.518,-1.239,2.152
Möjetorp,2022,-2.262,-0.136,-0.278
Nedre Ullstämma,2022,-0.7,0.947,-0.309
Nedre Vasastaden,2022,1.643,-2.284,0.366
Norrberga,2022,-1.39,-0.118,-0.914
Nygård,2022,8.218,2.8,-0.234
Nykil,2022,-1.549,-0.305,0.546
Nykil norra glesbygd,2022,-1.474,0.816,0.738
Nykil södra glesbygd,2022,-1.892,-0.011,0.069
Näsby,2022,-4.402,0.81,-1.806
Rappestad,2022,-2.6,0.47,-0.041
Rappestad glesbygd,2022,-2.263,1.105,0.398
Ringstorp,2022,-0.878,1.546,0.448
Risbrinken,2022,2.377,-2.038,0.714
Rosendal,2022,11.641,6.003,-1.328
Roxenbaden,2022,-1.184,-0.401,0.951
Roxtuna,2022,-1.431,0.491,0.157
Rystads kyrkby,2022,-0.857,0.298,0.172
Råberga,2022,1.677,-1.419,-1.104
Sjögestad,2022,-0.984,0.696,-0.478
Sjögestad glesbygd,2022,-0.686,-0.259,-0.182
Skarpan,2022,1.958,-0.834,0.45
Skeda Udde,2022,-2.679,0.758,-0.321
Skeda kyrkby,2022,-1.239,0.933,1.639
Skeda norra glesbygd,2022,-1.849,0.526,0.212
Skeda södra glesbygd,2022,-2.869,0.639,-0.528
Skogsvallen,2022,-0.996,-1.707,-0.956
Skonberga,2022,-3.415,0.268,-0.426
Slaka glesbygd,2022,-1.725,0.558,0.377
Slaka västra,2022,-3.742,0.8,-1.466
Slaka östra,2022,-3.376,0.55,-1.376
Slestad,2022,2.383,0.242,-0.728
Slycke,2022,-1.655,1.426,0.874
Sockenmarken,2022,-0.97,0.234,0.199
Solhaga,2022,6.009,-0.53,-0.96
Steninge,2022,1.998,-2.149,-1.712
Stensätter,2022,-3.06,0.77,-1.804
Stolplyckan,2022,3.744,-0.196,0.139
Sturefors glesbygd,2022,-2.175,0.019,-0.033
Sturefors norra,2022,-1.611,0.184,0.511
Sturefors södra,2022,-3.217,0.718,-0.865
Stångebro östra,2022,20.504,8.812,-3.127
Svartmåla-Unön,2022,-1.435,-0.045,0.407
Sätra,2022,-1.647,-0.175,-0.004
Sättuna,2022,-2.869,1.912,-0.274
Sågareholmen,2022,-0.318,-2.026,-0.618
Södra Ekkällan,2022,0.609,-2.397,-1.758
Sörgården,2022,11.812,5.095,-2.174
T 1 norra,2022,2.436,-2.284,-0.531
T 1 södra,2022,-0.483,-0.376,-0.874
Tallboda glesbygd,2022,-1.715,0.315,-0.208
Tallboda norra,2022,-1.651,1.035,-0.579
Tallboda södra,2022,-0.242,0.839,-0.151
Tinneröhöjden,2022,-0.42,-1.978,0.43
Tokarp,2022,-1.909,0.695,0.181
Tornhagen,2022,0.347,-1.85,-0.41
Ullstämma södra,2022,-3.343,0.857,-1.768
Ullstämma västra,2022,-1.57,0.218,0.808
Ulrika,2022,2.231,0.835,1.719
Ulrika glesbygd,2022,0.122,1.179,1.199
Universitetsjukhuset,2022,-1.179,-0.686,0.437
Universitetsområdet,2022,7.806,-6.008,-1.565
Vallastaden,2022,4.301,-3.987,-0.992
Vidingsjö nordost,2022,-2.661,0.84,-0.173
Vidingsjö nordväst,2022,-3.048,0.121,-0.068
Vidingsjö sydost,2022,-1.072,-0.183,1.023
Vidingsjö sydväst,2022,-0.708,-0.507,1.821
Vikingstad glesbygd,2022,-1.53,0.656,0.949
Vikingstad norra,2022,-1.662,0.181,0.244
Vikingstad södra,2022,-1.481,-0.135,-0.507
Vreta,2022,-1.101,-1.215,0.832
Västerberga,2022,8.921,3.106,-1.534
Västerlösa,2022,-1.7,1.413,0.783
Västerlösa glesbygd,2022,-1.995,0.595,0.152
Vårdsbergs kors,2022,-0.613,2.058,0.853
Änggården,2022,1.14,0.944,-0.771
Åbylund,2022,4.197,-2.133,0.344
Åleryd,2022,-1.356,-0.333,0.427
Ånestad norra,2022,-2.827,0.164,-1.051
Ånestad södra,2022,-2.66,0.021,-0.601
Örtomta,2022,-1.799,0.904,0.393
Örtomta västra glesbygd,2022,-1.298,1.491,0.502
Örtomta östra glesbygd,2022,-0.9,0.578,1.21
Österberga norra,2022,7.543,1.585,-1.094
Österberga södra,2022,-2.327,0.225,0.215
Östernäs,2022,-3.145,1.129,-1.783
Övre Vasastaden västra,2022,5.394,-0.486,0.179
Övre Vasastaden östra,2022,3.418,-2.536,-0.327
Alsätter västra,2021,8.991,-3.148,-1.202
Alsätter östra,2021,8.239,2.62,-0.783
Arnebo,2021,-1.19,0.382,0.951
Askeby,2021,-2.495,0.702,-0.659
Askeby glesbygd,2021,-2.209,0.076,0.286
Aspnäset,2021,0.334,0.156,2.751
Bankekind,2021,-2.508,0.48,-0.374
Bankekind norra glesbygd,2021,-1.842,0.501,0.409
Bankekind södra glesbygd,2021,-1.475,-0.131,0.177
Barhäll,2021,-1.522,0.592,-0.914
Berg,2021,-2.79,0.228,-0.472
Berg norra glesbygd,2021,-0.82,0.441,0.73
Berg södra glesbygd,2021,-2.124,0.737,0.275
Berga glesbygd,2021,-1.037,1.37,1.03
Bestorp norra glesbygd,2021,2.133,1.498,0.892
Bestorp södra glesbygd,2021,-1.702,0.903,0.594
Bestorp västra,2021,-1.083,0.508,2.234
Bestorp östra,2021,0.404,2.589,0.628
Bjärka-Säby,2021,-0.782,-0.233,0.036
Björkeberg glesbygd,2021,-1.467,1.056,0.615
Björkeberg kyrkby,2021,-1.577,0.709,0.19
Björnkärr,2021,-1.385,0.699,-0.066
Blästad,2021,-1.435,0.493,0.965
Brokind,2021,-2.498,0.592,-0.4
Brokind norra glesbygd,2021,-1.612,-0.041,1.233
Brokind södra glesbygd,2021,-2.203,-0.126,-0.405
Brunnby-Heda,2021,-1.324,0.567,-0.108
Djurgården centrum,2021,3.481,-5.872,-3.832
Duvkullen,2021,0.743,-0.383,-0.085
Ebbepark,2021,1.742,-2.56,-1.198
Ekholmen centrum,2021,3.248,-0.091,2.051
Ektuna,2021,-3.174,0.554,-0.07
Ekängen glesbygd,2021,0.541,0.337,0.827
Fjälla,2021,-1.821,0.376,0.568
Flistad kyrkby,2021,1.032,-2.133,0.411
Folkets Park,2021,-0.162,-1.549,-0.869
Folkungavallen,2021,3.49,-6.368,-3.703
Fridhem,2021,3.004,-3.153,0.054
Fridsberg,2021,-3.409,0.135,-1.497
Gamla Ekkällan,2021,1.671,-2.917,1.046
Gamla Gottfridsberg,2021,3.471,-1.721,0.179
Gamla Linghem,2021,-1.348,0.23,0.221
Gamla Malmslätt,2021,-0.81,-0.219,0.229
Gamla Ramshäll,2021,-0.54,-0.646,0.019
Gamla Tannefors,2021,2.458,-0.718,0.749
Gamla Valla,2021,2.948,-4.456,-0.963
Gamla Vimanshäll,2021,-1.729,0.451,-1.006
Gammalkil glesbygd,2021,-1.567,0.625,0.951
Gistad,2021,-0.69,0.829,0.519
Gistad glesbygd,2021,-1.737,0.258,0.443
Gullberg,2021,-2.203,1.596,-1.23
Gälstad-Lundby,2021,-2.214,1.101,-0.64
Hackefors nordväst,2021,-2.354,0.774,-0.619
Hagaberg,2021,-1.656,-1.4,0.288
Haninge västra,2021,-1.698,0.114,-0.017
Haninge östra,2021,2.507,1.46,-0.033
Harvestad östra,2021,-2.503,0.425,-1.746
Hejdegården norra,2021,2.656,-1.684,0.423
Himna södra,2021,-2.842,0.625,-0.604
Hjulsbro östra,2021,-3.111,0.854,-0.737
Holmen,2021,-1.243,1.035,-0.232
Hunneberg,2021,2.61,-2.855,0.325
Innerstaden nordost,2021,2.742,-1.399,0.667
Innerstaden nordväst,2021,2.204,-2.193,-0.165
Innerstaden sydost,2021,1.561,-1.913,0.883
Innerstaden sydväst,2021,2.424,-1.339,1.809
Johannelund västra,2021,3.882,-0.897,0.22
Johannesborg,2021,2.045,-3.464,-0.101
Jägarvallen,2021,-2.215,0.666,-0.392
Kanaljorden,2021,0.101,0.485,0.152
Kanberget,2021,1.166,-1.937,0.14
Kolbyttemon,2021,-3.459,0.635,-1.269
Kränge,2021,-3.378,1.222,-1.095
Kungsberget,2021,2.178,-2.368,-0.481
Kvinneby,2021,0.716,-0.076,2.142
Källhemsområdet,2021,-2.469,0.447,0.302
Kärna-Ledberg glesbygd,2021,-2.268,0.402,0.223
Lambohov västra,2021,-3.654,-0.212,-0.448
Landeryd norra,2021,10.194,-0.916,11.955
Landeryd västra glesbygd,2021,0.368,0.256,0.703
Landeryd östra glesbygd,2021,-2.36,0.27,0.063
Ledberg kyrkby,2021,-1.956,0.783,-0.122
Lilla Mjärdevi,2021,2.428,-0.15,-0.647
Linghem norra glesbygd,2021,-1.828,0.386,0.363
Linghem södra glesbygd,2021,-0.839,1.044,0.827
Ljungsbro centrum,2021,2.379,0.481,1.143
Ljungsbro mellersta glesbygd,2021,-1.157,0.344,0.633
Ljungsbro norra,2021,-2.899,0.753,-0.411
Ljungsbro norra glesbygd,2021,-1.516,0.786,0.444
Ljungsbro södra glesbygd,2021,-1.382,0.699,0.576
Majelden västra,2021,6.549,0.402,0.357
Majelden östra,2021,3.299,-0.604,-0.227
Malmslätt östra glesbygd,2021,-1.454,0.462,0.734
Manstorp,2021,-1.369,0.216,-0.498
Mariedal,2021,-0.775,0.172,0.425
Maspelösa,2021,-1.846,1.544,-0.855
Munkgärdet,2021,2.074,-1.539,-0.702
Munkhagen,2021,1.358,-1.425,2.286
Möjetorp,2021,-2.323,0.027,-0.35
Nedre Ullstämma,2021,-0.75,1.042,-0.366
Nedre Vasastaden,2021,1.717,-2.29,0.558
Norrberga,2021,-1.339,-0.496,-1.051
Nygård,2021,7.88,2.371,-0.257
Nykil,2021,-1.25,-0.219,0.594
Nykil norra glesbygd,2021,-1.151,0.888,0.532
Nykil södra glesbygd,2021,-1.627,0.057,-0.054
Näsby,2021,-4.6,1.125,-1.984
Rappestad,2021,-2.691,0.957,-0.043
Rappestad glesbygd,2021,-2.365,0.866,0.11
Ringstorp,2021,-0.971,0.994,0.535
Risbrinken,2021,2.25,-2.075,0.906
Rosendal,2021,11.858,6.421,-1.469
Roxenbaden,2021,-1.255,-0.305,0.694
Roxtuna,2021,-1.829,0.744,-0.653
Rystads kyrkby,2021,-0.905,0.55,0.602
Råberga,2021,2.09,-0.832,-1.292
Sjögestad,2021,-1.223,0.86,-0.475
Sjögestad glesbygd,2021,-0.647,-0.199,0.126
Skarpan,2021,2.016,-0.81,0.245
Skeda Udde,2021,-2.869,0.47,-0.252
Skeda kyrkby,2021,-1.669,0.402,1.053
Skeda norra glesbygd,2021,-1.955,0.476,-0.122
Skeda södra glesbygd,2021,-2.43,0.83,-0.248
Skogsvallen,2021,-1.11,-1.766,-0.926
Skonberga,2021,-3.377,0.315,-0.517
Slaka glesbygd,2021,-1.94,0.461,0.087
Slaka västra,2021,-3.75,1.021,-1.316
Slaka östra,2021,-3.396,0.591,-1.393
Slestad,2021,2.058,0.071,-0.836
Slycke,2021,-2.152,1.501,0.821
Sockenmarken,2021,-0.821,0.514,0.383
Solhaga,2021,5.773,-0.61,-0.835
Steninge,2021,2.017,-2.271,-1.589
Stensätter,2021,-3.165,0.761,-1.749
Stolplyckan,2021,3.511,-0.424,0.03
Sturefors glesbygd,2021,-1.912,0.17,0.193
Sturefors norra,2021,-1.62,0.182,0.448
Sturefors södra,2021,-3.085,1.097,-0.706
Stångebro östra,2021,20.852,8.505,-3.536
Svartmåla-Unön,2021,-1.472,-0.162,0.786
Sätra,2021,-1.229,-0.018,0.501
Sättuna,2021,-2.911,1.807,-0.445
Sågareholmen,2021,-0.6,-1.725,-1.379
Södra Ekkällan,2021,0.585,-2.467,-1.759
Sörgården,2021,11.323,4.647,-1.88
T 1 norra,2021,2.26,-2.321,-0.52
T 1 södra,2021,-0.619,-0.137,-0.947
Tallboda glesbygd,2021,-1.616,0.392,-0.195
Tallboda norra,2021,-1.632,1.102,-0.458
Tallboda södra,2021,-0.383,0.663,-0.364
Tinneröhöjden,2021,-0.322,-2.055,0.268
Tokarp,2021,-1.825,0.684,0.079
Tornhagen,2021,0.228,-1.919,-0.39
Ullstämma södra,2021,-3.134,1.033,-1.736
Ullstämma västra,2021,-1.572,0.111,0.864
Ulrika,2021,2.762,1.458,2.29
Ulrika glesbygd,2021,0.144,0.285,1.111
Universitetsjukhuset,2021,-1.171,-0.818,-0.404
Universitetsområdet,2021,7.63,-6.166,-1.407
Vallastaden,2021,3.999,-3.982,-1.275
Vidingsjö nordost,2021,-2.465,0.67,-0.066
Vidingsjö nordväst,2021,-2.944,0.14,0.187
Vidingsjö sydost,2021,-1.036,0.097,1.076
Vidingsjö sydväst,2021,-0.647,-0.725,1.955
Vikingstad glesbygd,2021,-1.816,0.618,0.705
Vikingstad norra,2021,-1.795,0.098,0.315
Vikingstad södra,2021,-1.473,0.038,-0.593
Vreta,2021,-1.725,-0.743,0.623
Västerberga,2021,8.861,3.038,-1.474
Västerlösa,2021,-1.794,1.041,0.083
Västerlösa glesbygd,2021,-2.021,0.563,0.302
Vårdsbergs kors,2021,-1.13,1.449,1.129
Änggården,2021,1.017,0.8,-0.761
Åbylund,2021,4.092,-2.128,0.449
Åleryd,2021,-0.89,0.137,0.744
Ånestad norra,2021,-2.646,0.204,-0.958
Ånestad södra,2021,-2.566,0.125,-0.408
Örtomta,2021,-1.585,1.314,0.53
Örtomta västra glesbygd,2021,-1.547,0.981,0.447
Örtomta östra glesbygd,2021,-0.927,0.517,1.187
Österberga norra,2021,7.669,1.824,-0.933
Österberga södra,2021,-2.523,-0.129,0.275
Östernäs,2021,-3.536,1.506,-1.716
Övre Vasastaden västra,2021,5.216,-0.58,0.183
Övre Vasastaden östra,2021,3.269,-2.537,-0.383
Alsätter västra,2020,9.091,-3.113,-1.118
Alsätter östra,2020,8.474,2.785,0.057
Arnebo,2020,-1.284,0.22,0.392
Askeby,2020,-2.455,0.513,-0.672
Askeby glesbygd,2020,-2.217,0.046,0.261
Aspnäset,2020,0.244,0.079,3.104
Bankekind,2020,-2.544,0.529,-0.61
Bankekind norra glesbygd,2020,-1.511,0.879,0.824
Bankekind södra glesbygd,2020,-1.474,0.307,0.489
Barhäll,2020,-1.467,0.421,-0.607
Berg,2020,-2.771,0.316,-0.395
Berg norra glesbygd,2020,-0.8,0.417,0.854
Berg södra glesbygd,2020,-2.101,0.871,-0.088
Berga glesbygd,2020,-0.702,1.77,0.859
Bestorp norra glesbygd,2020,1.352,1.437,0.03
Bestorp södra glesbygd,2020,-1.848,0.887,0.504
Bestorp västra,2020,-0.807,0.522,2.078
Bestorp östra,2020,-0.504,0.994,-0.176
Bjärka-Säby,2020,-0.887,-0.149,-0.339
Björkeberg glesbygd,2020,-2.029,1.345,0.952
Björkeberg kyrkby,2020,-1.171,1.487,0.965
Björnkärr,2020,-1.321,0.837,-0.263
Blästad,2020,-1.468,0.403,0.708
Brokind,2020,-2.553,0.491,-0.434
Brokind norra glesbygd,2020,-1.453,-0.212,0.344
Brokind södra glesbygd,2020,-2.59,-0.181,-0.654
Brunnby-Heda,2020,-1.056,0.611,0.094
Djurgården centrum,2020,3.579,-5.563,-3.236
Duvkullen,2020,0.566,-0.678,-0.249
Ebbepark,2020,1.678,-2.566,-1.183
Ekholmen centrum,2020,3.116,-0.161,2.492
Ektuna,2020,-3.21,0.474,-0.228
Ekängen glesbygd,2020,0.638,0.865,0.706
Fjälla,2020,-1.615,0.651,0.693
Flistad kyrkby,2020,0.913,-1.969,0.266
Folkets Park,2020,-0.188,-1.572,-1.014
Folkungavallen,2020,3.588,-6.122,-3.182
Fridhem,2020,3.029,-2.675,-0.316
Fridsberg,2020,-3.407,-0.087,-1.708
Gamla Ekkällan,2020,1.739,-2.76,0.337
Gamla Gottfridsberg,2020,3.448,-1.775,-0.049
Gamla Linghem,2020,-1.427,0.31,0.19
Gamla Malmslätt,2020,-0.754,-0.047,0.286
Gamla Ramshäll,2020,-0.61,-0.78,0.045
Gamla Tannefors,2020,2.282,-0.873,0.616
Gamla Valla,2020,2.957,-4.297,-1.084
Gamla Vimanshäll,2020,-1.801,0.194,-1.217
Gammalkil glesbygd,2020,-1.707,0.335,1.085
Gistad,2020,-0.518,0.876,1.155
Gistad glesbygd,2020,-1.872,0.355,0.297
Gullberg,2020,-2.435,1.769,-0.782
Gälstad-Lundby,2020,-2.025,1.163,-0.011
Hackefors nordväst,2020,-2.834,0.99,-0.746
Hagaberg,2020,-1.721,-1.363,-0.13
Haninge västra,2020,-1.615,0.306,0.086
Haninge östra,2020,2.074,1.356,0.392
Harvestad östra,2020,-2.183,-0.215,-2.137
Hejdegården norra,2020,2.845,-1.726,0.193
Himna södra,2020,-2.821,0.413,-0.745
Hjulsbro östra,2020,-3.163,0.726,-0.772
Holmen,2020,-1.054,0.84,0.16
Hunneberg,2020,2.563,-2.894,0.194
Innerstaden nordost,2020,2.667,-1.347,0.556
Innerstaden nordväst,2020,2.026,-2.293,-0.184
Innerstaden sydost,2020,1.742,-2.024,0.699
Innerstaden sydväst,2020,1.921,-1.562,1.225
Johannelund västra,2020,4.131,-0.648,0.233
Johannesborg,2020,2.324,-3.37,-0.197
Jägarvallen,2020,-2.188,0.467,-0.593
Kanaljorden,2020,1.664,1.088,2.025
Kanberget,2020,0.903,-1.912,-0.114
Kolbyttemon,2020,-3.346,1.151,-1.102
Kränge,2020,-3.152,0.894,-1.125
Kungsberget,2020,2.376,-2.255,-0.513
Kvinneby,2020,0.952,-0.011,2.211
Källhemsområdet,2020,-2.399,0.501,0.471
Kärna-Ledberg glesbygd,2020,-2.221,0.44,0.31
Lambohov västra,2020,-3.501,-0.535,-1.58
Landeryd norra,2020,9.361,-1.585,12.124
Landeryd västra glesbygd,2020,0.131,0.296,1.092
Landeryd östra glesbygd,2020,-2.089,0.676,0.595
Ledberg kyrkby,2020,-2.271,0.412,-0.181
Lilla Mjärdevi,2020,2.118,-0.465,-0.596
Linghem norra glesbygd,2020,-1.872,0.321,0.515
Linghem södra glesbygd,2020,-0.963,0.895,0.899
Ljungsbro centrum,2020,2.276,0.526,1.472
Ljungsbro mellersta glesbygd,2020,-1.308,0.215,0.14
Ljungsbro norra,2020,-2.862,0.684,-0.637
Ljungsbro norra glesbygd,2020,-1.446,0.433,0.667
Ljungsbro södra glesbygd,2020,-1.349,0.606,0.587
Majelden västra,2020,6.3,0.207,0.849
Majelden östra,2020,2.875,-0.665,-0.31
Malmslätt östra glesbygd,2020,-1.156,0.476,1.082
Manstorp,2020,-1.265,0.192,-0.444
Mariedal,2020,-0.808,0.239,0.58
Maspelösa,2020,-2.072,0.856,-1.001
Munkgärdet,2020,2.165,-1.483,-0.511
Munkhagen,2020,1.397,-1.417,2.47
Möjetorp,2020,-2.465,0.172,-0.46
Nedre Ullstämma,2020,-0.924,0.975,0.025
Nedre Vasastaden,2020,1.747,-2.218,0.246
Norrberga,2020,-1.135,-0.969,-1.103
Nygård,2020,7.687,2.175,0.222
Nykil,2020,-0.944,-0.453,0.171
Nykil norra glesbygd,2020,-1.45,0.109,0.296
Nykil södra glesbygd,2020,-1.262,0.386,0.407
Näsby,2020,-4.913,1.335,-2.248
Rappestad,2020,-2.794,0.851,0.424
Rappestad glesbygd,2020,-2.179,1.178,0.718
Ringstorp,2020,-0.991,1.836,0.685
Risbrinken,2020,1.811,-2.328,0.467
Rosendal,2020,11.871,6.395,-0.819
Roxenbaden,2020,-1.511,-0.574,0.436
Roxtuna,2020,-1.777,0.451,-0.33
Rystads kyrkby,2020,-0.879,0.034,0.603
Råberga,2020,2.798,-0.497,-1.022
Sjögestad,2020,-1.086,1.014,-0.221
Sjögestad glesbygd,2020,-0.794,0.319,0.15
Skarpan,2020,1.896,-1.034,0.158
Skeda Udde,2020,-2.748,0.397,-0.263
Skeda kyrkby,2020,-1.504,0.724,0.334
Skeda norra glesbygd,2020,-1.916,0.457,0.023
Skeda södra glesbygd,2020,-2.239,0.664,-0.226
Skogsvallen,2020,-1.22,-1.724,-1.162
Skonberga,2020,-3.365,0.236,-0.9
Slaka glesbygd,2020,-1.583,0.927,0.487
Slaka västra,2020,-3.542,0.963,-1.507
Slaka östra,2020,-3.221,0.725,-1.223
Slestad,2020,1.954,0.444,-0.75
Slycke,2020,-2.256,1.175,0.913
Sockenmarken,2020,-0.659,0.624,0.308
Solhaga,2020,5.771,-0.507,-0.711
Steninge,2020,2.273,-2.365,-1.954
Stensätter,2020,-3.147,1.046,-1.978
Stolplyckan,2020,3.564,-0.64,-0.059
Sturefors glesbygd,2020,-2.271,0.152,-0.117
Sturefors norra,2020,-1.533,0.271,0.47
Sturefors södra,2020,-3.015,0.81,-0.839
Stångebro östra,2020,20.666,9.169,-5.463
Svartmåla-Unön,2020,-1.714,-0.201,0.747
Sätra,2020,-1.298,-0.093,0.818
Sättuna,2020,-3.267,1.606,-0.779
Sågareholmen,2020,-1.099,-1.569,-1.108
Södra Ekkällan,2020,0.835,-2.478,-1.717
Sörgården,2020,10.782,4.279,-1.173
T 1 norra,2020,2.182,-2.285,-0.788
T 1 södra,2020,-0.731,-0.155,-0.953
Tallboda glesbygd,2020,-1.801,0.321,-0.246
Tallboda norra,2020,-1.69,1.018,-0.314
Tallboda södra,2020,-0.371,0.646,-0.142
Tinneröhöjden,2020,-0.366,-1.957,-0.349
Tokarp,2020,-1.922,0.718,0.02
Tornhagen,2020,0.572,-1.807,-0.48
Ullstämma södra,2020,-2.326,1.3,-1.778
Ullstämma västra,2020,-1.454,0.412,0.774
Ulrika,2020,3.153,1.908,2.835
Ulrika glesbygd,2020,0.159,1.034,1.388
Universitetsjukhuset,2020,-0.967,-0.547,-0.312
Universitetsområdet,2020,8.254,-5.873,-1.344
Vallastaden,2020,4.089,-4.149,-1.289
Vidingsjö nordost,2020,-2.666,0.282,-0.061
Vidingsjö nordväst,2020,-2.844,-0.199,-0.203
Vidingsjö sydost,2020,-0.901,0.063,1.079
Vidingsjö sydväst,2020,-0.738,-0.886,1.87
Vikingstad glesbygd,2020,-1.803,0.903,0.732
Vikingstad norra,2020,-1.712,0.007,0.112
Vikingstad södra,2020,-1.662,0.254,-0.463
Vreta,2020,-1.144,-0.798,0.045
Västerberga,2020,8.614,2.807,-0.939
Västerlösa,2020,-1.358,0.538,0.489
Västerlösa glesbygd,2020,-1.934,0.632,0.329
Vårdsbergs kors,2020,-1.537,1.791,1.42
Änggården,2020,0.958,0.757,-0.751
Åbylund,2020,4.227,-2.034,0.504
Åleryd,2020,-0.927,0.047,0.443
Ånestad norra,2020,-2.578,0.117,-1.069
Ånestad södra,2020,-2.611,0.057,-0.521
Örtomta,2020,-1.561,1.555,0.482
Örtomta västra glesbygd,2020,-1.048,0.774,0.615
Örtomta östra glesbygd,2020,-1.145,0.527,1.008
Österberga norra,2020,7.303,1.811,-0.446
Österberga södra,2020,-2.372,-0.01,0.131
Östernäs,2020,-3.592,1.386,-1.737
Övre Vasastaden västra,2020,4.697,-0.834,0.02
Övre Vasastaden östra,2020,3.335,-2.394,-0.363
Alsätter västra,2019,9.032,-2.74,-0.464
Alsätter östra,2019,8.431,2.923,-0.295
Arnebo,2019,-1.028,0.024,-0.086
Askeby,2019,-2.261,0.365,-0.789
Askeby glesbygd,2019,-2.191,-0.103,0.195
Aspnäset,2019,0.251,-0.36,2.645
Bankekind,2019,-2.43,0.579,-0.399
Bankekind norra glesbygd,2019,-1.622,0.915,0.788
Bankekind södra glesbygd,2019,-1.461,0.405,0.451
Barhäll,2019,-1.482,0.563,-0.786
Berg,2019,-2.703,0.294,-0.425
Berg norra glesbygd,2019,-0.818,0.009,0.657
Berg södra glesbygd,2019,-2.154,0.79,0.095
Berga glesbygd,2019,-1.627,2.23,1.499
Bestorp norra glesbygd,2019,1.019,0.813,0.139
Bestorp södra glesbygd,2019,-1.734,0.884,0.783
Bestorp västra,2019,-0.763,0.748,2.03
Bestorp östra,2019,-0.15,1.438,0.435
Bjärka-Säby,2019,-0.339,0.797,0.485
Björkeberg glesbygd,2019,-2.094,1.166,0.635
Björkeberg kyrkby,2019,-0.869,1.873,1.184
Björnkärr,2019,-1.577,0.512,-0.131
Blästad,2019,-1.32,0.521,0.632
Brokind,2019,-2.498,0.744,-0.46
Brokind norra glesbygd,2019,-1.724,-0.402,0.718
Brokind södra glesbygd,2019,-2.635,-0.313,-0.884
Brunnby-Heda,2019,-1.129,0.533,-0.086
Djurgården centrum,2019,3.663,-5.392,-3.153
Duvkullen,2019,0.292,-0.851,-0.103
Ebbepark,2019,1.695,-2.601,-1.248
Ekholmen centrum,2019,3.1,-0.14,2.323
Ektuna,2019,-3.262,0.387,-0.434
Ekängen glesbygd,2019,0.842,1.542,0.462
Fjälla,2019,-1.9,0.206,0.166
Flistad kyrkby,2019,0.598,-1.729,0.334
Folkets Park,2019,-0.361,-1.884,-1.071
Folkungavallen,2019,3.678,-5.971,-3.112
Fridhem,2019,3.156,-2.514,-0.175
Fridsberg,2019,-3.35,-0.23,-1.783
Gamla Ekkällan,2019,1.618,-3.003,0.404
Gamla Gottfridsberg,2019,3.326,-1.755,-0.084
Gamla Linghem,2019,-1.355,0.439,0.308
Gamla Malmslätt,2019,-0.711,-0.126,0.29
Gamla Ramshäll,2019,-0.758,-0.918,0.108
Gamla Tannefors,2019,2.189,-0.925,0.436
Gamla Valla,2019,2.99,-4.047,-0.795
Gamla Vimanshäll,2019,-2.171,-0.198,-1.388
Gammalkil glesbygd,2019,-1.769,0.074,0.695
Gistad,2019,-0.418,0.917,1.199
Gistad glesbygd,2019,-1.77,0.253,0.403
Gullberg,2019,-2.492,1.729,-1.143
Gälstad-Lundby,2019,-1.745,1.167,0.22
Hackefors nordväst,2019,-2.546,1.442,-0.576
Hagaberg,2019,-1.681,-1.723,-0.47
Haninge västra,2019,-1.507,0.381,-0.062
Haninge östra,2019,2.209,1.293,0.587
Harvestad östra,2019,-2.097,-0.406,-2.242
Hejdegården norra,2019,2.607,-1.776,-0.011
Himna södra,2019,-2.773,0.447,-0.919
Hjulsbro östra,2019,-3.047,0.465,-0.691
Holmen,2019,-0.976,0.898,0.226
Hunneberg,2019,2.623,-2.899,0.148
Innerstaden nordost,2019,2.641,-1.464,0.315
Innerstaden nordväst,2019,1.966,-2.175,-0.115
Innerstaden sydost,2019,1.835,-2.121,0.45
Innerstaden sydväst,2019,1.494,-1.948,0.867
Johannelund västra,2019,3.898,-0.852,0.027
Johannesborg,2019,2.355,-3.391,-0.342
Jägarvallen,2019,-2.055,0.175,-0.782
Kanaljorden,2019,3.987,2.284,2.501
Kanberget,2019,0.997,-1.859,-0.315
Kolbyttemon,2019,-3.124,1.357,-0.957
Kränge,2019,-3.105,0.88,-1.054
Kungsberget,2019,2.589,-2.326,-0.468
Kvinneby,2019,1.084,0.071,2.179
Källhemsområdet,2019,-2.507,0.662,0.546
Kärna-Ledberg glesbygd,2019,-2.116,0.688,0.506
Lambohov västra,2019,-3.201,-0.694,-1.632
Landeryd norra,2019,9.196,-2.198,12.337
Landeryd västra glesbygd,2019,0.224,0.003,1.073
Landeryd östra glesbygd,2019,-2.217,0.653,0.512
Ledberg kyrkby,2019,-1.973,0.093,0.72
Lilla Mjärdevi,2019,1.889,-0.368,-0.744
Linghem norra glesbygd,2019,-1.632,0.53,0.644
Linghem södra glesbygd,2019,-0.881,0.641,1.102
Ljungsbro centrum,2019,2.311,0.322,1.141
Ljungsbro mellersta glesbygd,2019,-1.18,0.291,0.418
Ljungsbro norra,2019,-2.775,0.873,-0.657
Ljungsbro norra glesbygd,2019,-1.558,0.886,1.061
Ljungsbro södra glesbygd,2019,-1.384,0.925,0.548
Majelden västra,2019,6.367,0.687,0.64
Majelden östra,2019,2.728,-0.871,-0.845
Malmslätt östra glesbygd,2019,-1.32,0.335,0.979
Manstorp,2019,-1.323,0.024,-0.531
Mariedal,2019,-1.002,-0.037,0.469
Maspelösa,2019,-2.276,1.375,-0.205
Munkgärdet,2019,2.189,-1.37,-0.545
Munkhagen,2019,1.445,-1.41,2.036
Möjetorp,2019,-2.568,0.445,-0.37
Nedre Ullstämma,2019,-0.887,0.812,-0.568
Nedre Vasastaden,2019,1.81,-2.265,0.042
Norrberga,2019,-0.874,-1.219,-1.248
Nygård,2019,7.96,2.775,0.189
Nykil,2019,-0.976,-0.259,-0.259
Nykil norra glesbygd,2019,-1.455,0.705,0.814
Nykil södra glesbygd,2019,-1.155,0.21,0.495
Näsby,2019,-5.01,1.372,-2.27
Rappestad,2019,-2.852,0.73,0.384
Rappestad glesbygd,2019,-2.361,0.928,0.388
Ringstorp,2019,-1.884,0.499,0.164
Risbrinken,2019,1.863,-2.096,0.452
Rosendal,2019,12.193,7.24,-1.356
Roxenbaden,2019,-1.461,-0.419,0.625
Roxtuna,2019,-2.226,0.528,-0.376
Rystads kyrkby,2019,-0.9,-0.085,0.485
Råberga,2019,2.144,-0.735,-0.688
Sjögestad,2019,-1.128,1.011,0.097
Sjögestad glesbygd,2019,-1.598,0.488,0.319
Skarpan,2019,2.059,-1.096,0.183
Skeda Udde,2019,-2.535,0.499,-0.343
Skeda kyrkby,2019,-2.202,0.673,0.075
Skeda norra glesbygd,2019,-1.885,0.237,0.001
Skeda södra glesbygd,2019,-2.2,0.767,0.075
Skogsvallen,2019,-1.253,-1.924,-1.344
Skonberga,2019,-3.223,0.327,-0.845
Slaka glesbygd,2019,-1.849,0.809,-0.067
Slaka västra,2019,-3.152,0.775,-1.165
Slaka östra,2019,-3.364,0.544,-1.407
Slestad,2019,1.914,0.647,-0.715
Slycke,2019,-2.512,1.836,0.398
Sockenmarken,2019,-0.55,0.805,0.196
Solhaga,2019,5.655,-0.088,-0.426
Steninge,2019,1.987,-2.741,-2.037
Stensätter,2019,-2.75,1.081,-1.748
Stolplyckan,2019,3.935,-0.237,0.12
Sturefors glesbygd,2019,-1.987,-0.208,-0.315
Sturefors norra,2019,-1.579,0.143,0.359
Sturefors södra,2019,-3.033,0.703,-0.539
Stångebro östra,2019,19.727,8.199,-6.118
Svartmåla-Unön,2019,-1.59,-0.451,0.31
Sätra,2019,-1.405,0.084,0.744
Sättuna,2019,-3.12,1.262,-0.451
Sågareholmen,2019,-0.982,-1.674,-1.12
Södra Ekkällan,2019,0.346,-2.06,-1.762
Sörgården,2019,9.931,3.747,-0.828
T 1 norra,2019,2.16,-2.264,-0.836
T 1 södra,2019,-0.746,-0.318,-1.016
Tallboda glesbygd,2019,-1.676,0.436,-0.259
Tallboda norra,2019,-1.713,1.029,-0.418
Tallboda södra,2019,-0.193,0.658,-0.004
Tinneröhöjden,2019,-0.119,-1.973,-0.538
Tokarp,2019,-1.924,0.766,-0.008
Tornhagen,2019,0.557,-1.77,-0.412
Ullstämma södra,2019,-1.784,1.565,-1.527
Ullstämma västra,2019,-1.418,0.268,0.761
Ulrika,2019,2.376,1.063,4.411
Ulrika glesbygd,2019,0.139,1.531,2.117
Universitetsjukhuset,2019,-0.949,-0.913,-0.839
Universitetsområdet,2019,8.349,-5.453,-0.713
Vallastaden,2019,4.192,-4.349,-1.383
Vidingsjö nordost,2019,-2.658,0.112,-0.097
Vidingsjö nordväst,2019,-2.82,-0.014,-0.159
Vidingsjö sydost,2019,-0.674,0.329,1.225
Vidingsjö sydväst,2019,-0.757,-0.848,1.158
Vikingstad glesbygd,2019,-1.983,0.621,0.192
Vikingstad norra,2019,-1.785,-0.007,-0.099
Vikingstad södra,2019,-1.552,0.029,-0.623
Vreta,2019,-1.039,-0.44,-0.782
Västerberga,2019,8.603,3.102,-0.857
Västerlösa,2019,-1.593,0.772,0.79
Västerlösa glesbygd,2019,-1.885,0.663,0.343
Vårdsbergs kors,2019,-1.237,2.283,2.296
Änggården,2019,1.028,0.889,-0.778
Åbylund,2019,4.331,-2.081,0.495
Åleryd,2019,-0.825,-0.454,0.59
Ånestad norra,2019,-2.463,-0.039,-0.95
Ånestad södra,2019,-2.599,0.048,-0.586
Örtomta,2019,-1.826,1.063,0.705
Örtomta västra glesbygd,2019,-1.313,1.25,0.673
Örtomta östra glesbygd,2019,-0.764,0.759,1.12
Österberga norra,2019,7.272,1.949,-0.219
Österberga södra,2019,-2.34,-0.043,0.209
Östernäs,2019,-3.341,1.27,-1.519
Övre Vasastaden västra,2019,4.898,-0.799,0.118
Övre Vasastaden östra,2019,3.467,-2.433,-0.427
Alsätter västra,2018,8.969,-2.918,-0.426
Alsätter östra,2018,8.548,2.747,-0.445
Arnebo,2018,-1.407,0.31,0.621
Askeby,2018,-2.638,0.438,-0.82
Askeby glesbygd,2018,-2.341,-0.041,0.021
Aspnäset,2018,0.293,0.02,2.578
Bankekind,2018,-2.506,0.335,-0.686
Bankekind norra glesbygd,2018,-1.759,0.363,0.219
Bankekind södra glesbygd,2018,-1.342,0.384,0.499
Barhäll,2018,-1.591,0.505,-0.594
Berg,2018,-2.771,0.327,-0.519
Berg norra glesbygd,2018,-0.812,-0.038,0.537
Berg södra glesbygd,2018,-2.345,0.678,-0.21
Berga glesbygd,2018,-1.884,1.822,1.462
Bestorp norra glesbygd,2018,-0.253,-0.271,0.12
Bestorp södra glesbygd,2018,-1.26,0.741,0.619
Bestorp västra,2018,-0.809,0.457,1.573
Bestorp östra,2018,-0.229,1.155,-0.094
Bjärka-Säby,2018,0.112,1.286,1.196
Björkeberg glesbygd,2018,-1.73,1.597,1.121
Björkeberg kyrkby,2018,-1.122,1.262,0.905
Björnkärr,2018,-1.747,0.597,-0.264
Blästad,2018,-1.304,0.699,0.747
Brokind,2018,-2.523,0.722,-0.498
Brokind norra glesbygd,2018,-1.62,-0.591,0.532
Brokind södra glesbygd,2018,-2.323,0.156,-0.691
Brunnby-Heda,2018,-0.995,0.818,0.189
Djurgården centrum,2018,3.584,-5.23,-2.441
Duvkullen,2018,0.254,-0.863,-0.038
Ebbepark,2018,1.601,-2.628,-1.294
Ekholmen centrum,2018,3.038,-0.103,2.402
Ektuna,2018,-3.133,0.463,-0.422
Ekängen glesbygd,2018,1.298,0.814,0.381
Fjälla,2018,-1.621,-0.211,0.061
Flistad kyrkby,2018,0.923,-1.984,0.172
Folkets Park,2018,-0.171,-1.69,-0.765
Folkungavallen,2018,3.598,-5.856,-2.488
Fridhem,2018,2.851,-2.503,-0.178
Fridsberg,2018,-3.328,-0.394,-2.006
Gamla Ekkällan,2018,1.501,-2.855,0.062
Gamla Gottfridsberg,2018,3.277,-1.739,-0.152
Gamla Linghem,2018,-1.495,0.392,0.206
Gamla Malmslätt,2018,-0.847,-0.051,0.233
Gamla Ramshäll,2018,-0.91,-0.867,-0.093
Gamla Tannefors,2018,2.315,-0.794,0.629
Gamla Valla,2018,3.003,-4.165,-0.828
Gamla Vimanshäll,2018,-2.262,-0.279,-1.374
Gammalkil glesbygd,2018,-1.689,0.096,0.699
Gistad,2018,-0.471,1.254,1.16
Gistad glesbygd,2018,-1.842,0.245,0.552
Gullberg,2018,-2.548,1.554,-1.12
Gälstad-Lundby,2018,-2.232,1.222,-0.168
Hackefors nordväst,2018,-2.432,0.993,-0.866
Hagaberg,2018,-1.56,-1.796,-0.768
Haninge västra,2018,-1.499,0.531,-0.087
Haninge östra,2018,2.186,1.415,0.589
Harvestad östra,2018,-1.925,-0.893,-2.285
Hejdegården norra,2018,2.706,-1.792,-0.091
Himna södra,2018,-2.871,0.612,-0.835
Hjulsbro östra,2018,-3.015,0.332,-0.929
Holmen,2018,-0.767,0.839,0.117
Hunneberg,2018,2.62,-3.004,-0.161
Innerstaden nordost,2018,2.592,-1.519,0.284
Innerstaden nordväst,2018,1.922,-2.086,-0.061
Innerstaden sydost,2018,1.954,-1.903,0.502
Innerstaden sydväst,2018,1.175,-2.178,0.604
Johannelund västra,2018,4.041,-0.824,0.034
Johannesborg,2018,2.232,-3.387,-0.316
Jägarvallen,2018,-1.915,0.359,-0.768
Kanaljorden,2018,1.1,1.221,2.74
Kanberget,2018,0.89,-1.943,-0.426
Kolbyttemon,2018,-3.058,1.568,-0.963
Kränge,2018,-2.635,0.877,-1.0
Kungsberget,2018,2.795,-2.119,-0.266
Kvinneby,2018,1.076,0.112,1.866
Källhemsområdet,2018,-2.533,0.815,0.313
Kärna-Ledberg glesbygd,2018,-2.104,0.598,0.217
Lambohov västra,2018,-2.988,-1.177,-2.144
Landeryd norra,2018,9.094,-2.053,12.082
Landeryd västra glesbygd,2018,-0.058,0.083,0.941
Landeryd östra glesbygd,2018,-2.258,1.328,0.631
Ledberg kyrkby,2018,-1.746,-0.101,0.643
Lilla Mjärdevi,2018,1.998,-0.458,-0.577
Linghem norra glesbygd,2018,-1.526,0.773,0.843
Linghem södra glesbygd,2018,-0.844,0.712,0.843
Ljungsbro centrum,2018,2.163,0.524,1.31
Ljungsbro mellersta glesbygd,2018,-1.44,0.458,0.5
Ljungsbro norra,2018,-2.752,0.873,-0.584
Ljungsbro norra glesbygd,2018,-1.398,0.942,1.107
Ljungsbro södra glesbygd,2018,-1.048,1.063,0.649
Majelden västra,2018,6.57,0.436,0.539
Majelden östra,2018,2.734,-0.908,-0.974
Malmslätt östra glesbygd,2018,-1.12,0.662,1.267
Manstorp,2018,-1.823,0.379,-0.491
Mariedal,2018,-0.811,0.006,0.54
Maspelösa,2018,-2.011,1.437,0.17
Munkgärdet,2018,2.151,-1.299,-0.671
Munkhagen,2018,1.542,-1.472,2.161
Möjetorp,2018,-2.666,0.178,-0.976
Nedre Ullstämma,2018,-0.824,0.666,-0.677
Nedre Vasastaden,2018,1.747,-2.217,0.144
Norrberga,2018,-0.638,-1.44,-1.397
Nygård,2018,8.114,2.99,0.054
Nykil,2018,-0.67,-0.076,0.069
Nykil norra glesbygd,2018,-1.275,0.59,0.688
Nykil södra glesbygd,2018,-0.968,0.544,0.762
Näsby,2018,-4.839,1.56,-2.643
Rappestad,2018,-2.735,0.605,0.185
Rappestad glesbygd,2018,-2.037,1.097,0.696
Ringstorp,2018,-1.867,0.38,0.141
Risbrinken,2018,2.034,-2.051,0.326
Rosendal,2018,12.419,7.546,-1.318
Roxenbaden,2018,-1.69,-0.229,0.401
Roxtuna,2018,-1.885,0.359,-0.273
Rystads kyrkby,2018,-1.023,0.475,-0.199
Råberga,2018,1.773,-0.559,-0.119
Sjögestad,2018,-1.131,1.09,0.291
Sjögestad glesbygd,2018,-1.661,0.684,0.53
Skarpan,2018,2.027,-1.412,0.146
Skeda Udde,2018,-2.159,0.59,-0.204
Skeda kyrkby,2018,-2.441,0.739,-0.075
Skeda norra glesbygd,2018,-1.785,0.592,0.301
Skeda södra glesbygd,2018,-2.468,0.464,-0.21
Skogsvallen,2018,-1.332,-1.913,-1.509
Skonberga,2018,-3.245,0.378,-0.977
Slaka glesbygd,2018,-1.648,1.284,0.299
Slaka västra,2018,-3.119,0.332,-1.425
Slaka östra,2018,-3.225,0.674,-1.12
Slestad,2018,2.017,0.543,-0.697
Slycke,2018,-2.393,1.83,0.127
Sockenmarken,2018,-0.372,0.781,0.088
Solhaga,2018,5.938,-0.04,-0.232
Steninge,2018,1.578,-2.808,-2.011
Stensätter,2018,-2.836,0.881,-2.034
Stolplyckan,2018,4.094,-0.201,-0.227
Sturefors glesbygd,2018,-1.848,-0.231,-0.039
Sturefors norra,2018,-1.675,0.14,0.258
Sturefors södra,2018,-3.245,0.696,-0.819
Stångebro östra,2018,20.376,8.135,-6.241
Svartmåla-Unön,2018,-1.283,0.523,1.502
Sätra,2018,-0.976,0.595,1.827
Sättuna,2018,-2.723,1.143,-0.741
Sågareholmen,2018,-1.532,-1.56,-0.791
Södra Ekkällan,2018,0.234,-1.876,-1.673
Sörgården,2018,9.557,3.65,-0.722
T 1 norra,2018,2.327,-2.242,-0.83
T 1 södra,2018,-0.652,-0.276,-1.049
Tallboda glesbygd,2018,-1.801,0.295,-0.271
Tallboda norra,2018,-1.72,1.059,-0.306
Tallboda södra,2018,-0.18,0.773,0.242
Tinneröhöjden,2018,0.382,-2.052,-0.839
Tokarp,2018,-2.024,0.764,-0.025
Tornhagen,2018,0.714,-1.782,-0.138
Ullstämma södra,2018,-1.424,1.239,-1.85
Ullstämma västra,2018,-1.345,0.029,0.356
Ulrika,2018,2.267,1.248,5.175
Ulrika glesbygd,2018,-0.326,1.169,1.392
Universitetsjukhuset,2018,-0.607,-1.185,-1.137
Universitetsområdet,2018,8.378,-5.642,-0.842
Vallastaden,2018,4.066,-4.438,-1.293
Vidingsjö nordost,2018,-2.594,0.053,-0.167
Vidingsjö nordväst,2018,-2.807,-0.12,-0.402
Vidingsjö sydost,2018,-0.857,0.289,1.393
Vidingsjö sydväst,2018,-0.687,-0.553,1.307
Vikingstad glesbygd,2018,-1.858,0.976,0.553
Vikingstad norra,2018,-1.852,0.089,0.191
Vikingstad södra,2018,-1.585,0.245,-0.4
Vreta,2018,-1.531,-0.766,-0.229
Västerberga,2018,8.4,3.158,-0.877
Västerlösa,2018,-2.004,1.123,0.794
Västerlösa glesbygd,2018,-1.809,0.884,0.38
Vårdsbergs kors,2018,-0.985,2.328,2.111
Änggården,2018,1.046,0.771,-0.863
Åbylund,2018,4.299,-2.018,0.802
Åleryd,2018,-0.834,-0.519,0.41
Ånestad norra,2018,-2.519,-0.171,-0.988
Ånestad södra,2018,-2.644,-0.043,-0.593
Örtomta,2018,-1.567,1.127,0.65
Örtomta västra glesbygd,2018,-1.634,1.348,1.001
Örtomta östra glesbygd,2018,-0.48,1.019,1.486
Österberga norra,2018,7.292,1.839,-0.061
Österberga södra,2018,-2.325,-0.065,0.117
Östernäs,2018,-3.363,1.036,-1.77
Övre Vasastaden västra,2018,4.841,-1.054,0.216
Övre Vasastaden östra,2018,3.604,-2.481,-0.248
Alsätter västra,2017,8.737,-2.975,-0.891
Alsätter östra,2017,8.111,2.022,-0.396
Arnebo,2017,-1.653,-0.171,-0.003
Askeby,2017,-2.627,0.713,-0.771
Askeby glesbygd,2017,-2.18,-0.038,0.056
Aspnäset,2017,0.396,-0.01,2.386
Bankekind,2017,-2.428,0.355,-0.789
Bankekind norra glesbygd,2017,-1.434,0.986,0.435
Bankekind södra glesbygd,2017,-1.19,0.003,0.062
Barhäll,2017,-1.691,0.208,-0.921
Berg,2017,-2.692,0.15,-0.463
Berg norra glesbygd,2017,-0.805,0.05,0.49
Berg södra glesbygd,2017,-2.134,0.465,0.015
Berga glesbygd,2017,-1.914,1.977,0.995
Bestorp norra glesbygd,2017,-0.674,-0.466,0.049
Bestorp södra glesbygd,2017,-1.677,0.64,0.72
Bestorp västra,2017,-0.798,1.007,1.647
Bestorp östra,2017,-0.542,0.234,-0.037
Bjärka-Säby,2017,-0.595,0.582,0.096
Björkeberg glesbygd,2017,-1.647,1.735,0.493
Björkeberg kyrkby,2017,-1.112,1.176,0.686
Björnkärr,2017,-1.781,0.59,-0.445
Blästad,2017,-1.372,0.673,0.419
Brokind,2017,-2.323,0.62,-0.628
Brokind norra glesbygd,2017,-1.763,-0.096,0.711
Brokind södra glesbygd,2017,-2.111,0.178,-0.626
Brunnby-Heda,2017,-0.911,0.7,0.16
Djurgården centrum,2017,3.546,-5.249,-2.13
Duvkullen,2017,0.364,-0.799,0.167
Ebbepark,2017,1.446,-2.672,-1.082
Ekholmen centrum,2017,3.031,0.194,2.28
Ektuna,2017,-3.066,0.621,-0.302
Ekängen glesbygd,2017,0.614,1.332,0.423
Fjälla,2017,-1.787,0.058,0.161
Flistad kyrkby,2017,1.341,-2.107,-0.209
Folkets Park,2017,-0.233,-1.953,-0.493
Folkungavallen,2017,3.561,-5.881,-2.119
Fridhem,2017,2.813,-2.554,0.14
Fridsberg,2017,-3.347,-0.501,-1.794
Gamla Ekkällan,2017,1.965,-2.693,0.645
Gamla Gottfridsberg,2017,3.262,-1.823,-0.023
Gamla Linghem,2017,-1.197,0.546,0.195
Gamla Malmslätt,2017,-0.893,-0.06,0.224
Gamla Ramshäll,2017,-0.764,-1.029,-0.158
Gamla Tannefors,2017,1.969,-1.066,0.868
Gamla Valla,2017,3.08,-3.879,-0.45
Gamla Vimanshäll,2017,-2.199,-0.445,-1.279
Gammalkil glesbygd,2017,-1.499,0.264,0.797
Gistad,2017,-0.709,0.707,1.024
Gistad glesbygd,2017,-1.89,-0.055,0.036
Gullberg,2017,-2.169,1.015,-1.457
Gälstad-Lundby,2017,-1.526,1.293,0.498
Hackefors nordväst,2017,-2.802,0.819,-1.084
Hagaberg,2017,-1.344,-1.531,-0.33
Haninge västra,2017,-1.545,0.43,-0.243
Haninge östra,2017,1.849,1.036,0.251
Harvestad östra,2017,-1.471,-1.456,-1.827
Hejdegården norra,2017,2.626,-1.736,0.241
Himna södra,2017,-2.798,0.584,-0.642
Hjulsbro östra,2017,-2.76,0.754,-0.466
Holmen,2017,-1.163,0.651,-0.285
Hunneberg,2017,2.54,-3.106,0.287
Innerstaden nordost,2017,2.502,-1.696,0.784
Innerstaden nordväst,2017,1.699,-2.269,0.242
Innerstaden sydost,2017,2.122,-1.896,0.678
Innerstaden sydväst,2017,1.111,-2.003,1.085
Johannelund västra,2017,3.895,-0.908,0.491
Johannesborg,2017,2.195,-3.176,0.371
Jägarvallen,2017,-1.682,0.593,-0.658
Kanaljorden,2017,2.809,3.349,3.063
Kanberget,2017,0.891,-1.934,-0.107
Kolbyttemon,2017,-2.637,1.369,-0.922
Kränge,2017,-2.564,0.596,-0.982
Kungsberget,2017,2.724,-2.232,0.185
Kvinneby,2017,0.913,0.087,1.769
Källhemsområdet,2017,-2.476,0.92,0.31
Kärna-Ledberg glesbygd,2017,-1.942,0.913,0.259
Lambohov västra,2017,-3.374,-0.954,-1.97
Landeryd norra,2017,10.219,0.377,11.021
Landeryd västra glesbygd,2017,0.108,0.575,0.974
Landeryd östra glesbygd,2017,-2.34,1.113,-0.052
Ledberg kyrkby,2017,-1.915,0.156,0.576
Lilla Mjärdevi,2017,2.172,-0.548,-0.412
Linghem norra glesbygd,2017,-1.424,1.066,0.609
Linghem södra glesbygd,2017,-0.16,1.378,0.725
Ljungsbro centrum,2017,2.204,0.545,1.394
Ljungsbro mellersta glesbygd,2017,-1.333,0.564,0.388
Ljungsbro norra,2017,-2.735,0.947,-0.746
Ljungsbro norra glesbygd,2017,-1.506,1.309,0.988
Ljungsbro södra glesbygd,2017,-1.138,1.347,0.454
Majelden västra,2017,6.485,0.271,0.707
Majelden östra,2017,2.954,-1.126,-0.566
Malmslätt östra glesbygd,2017,-1.032,0.56,0.542
Manstorp,2017,-1.914,0.434,-0.442
Mariedal,2017,-0.579,-0.1,0.752
Maspelösa,2017,-2.138,0.677,-0.886
Munkgärdet,2017,1.8,-1.76,-0.535
Munkhagen,2017,1.636,-1.184,2.339
Möjetorp,2017,-2.462,-0.024,-0.669
Nedre Ullstämma,2017,-0.773,0.859,-0.103
Nedre Vasastaden,2017,1.691,-2.214,0.545
Norrberga,2017,-1.276,-1.055,-1.192
Nygård,2017,8.056,2.891,0.136
Nykil,2017,-0.407,0.161,0.579
Nykil norra glesbygd,2017,-1.132,0.983,0.594
Nykil södra glesbygd,2017,-1.21,0.568,0.589
Näsby,2017,-4.96,1.361,-2.623
Rappestad,2017,-2.406,1.338,0.425
Rappestad glesbygd,2017,-2.194,0.924,0.154
Ringstorp,2017,-2.031,0.946,0.188
Risbrinken,2017,1.855,-2.079,0.279
Rosendal,2017,12.191,6.788,-1.977
Roxenbaden,2017,-1.442,-0.152,0.693
Roxtuna,2017,-2.095,0.73,-0.246
Rystads kyrkby,2017,-1.026,1.102,0.337
Råberga,2017,1.616,-0.718,0.054
Sjögestad,2017,-0.868,1.1,-0.126
Sjögestad glesbygd,2017,-1.602,1.006,0.007
Skarpan,2017,2.062,-1.174,0.634
Skeda Udde,2017,-2.104,0.227,-0.518
Skeda kyrkby,2017,-2.785,0.729,0.056
Skeda norra glesbygd,2017,-1.731,0.491,-0.084
Skeda södra glesbygd,2017,-2.408,0.44,-0.144
Skogsvallen,2017,-1.505,-1.898,-1.157
Skonberga,2017,-3.26,0.348,-1.188
Slaka glesbygd,2017,-1.581,1.396,-0.216
Slaka västra,2017,-2.973,0.27,-1.057
Slaka östra,2017,-3.377,0.568,-1.297
Slestad,2017,1.899,0.278,-0.791
Slycke,2017,-1.945,1.824,0.195
Sockenmarken,2017,-0.423,0.883,0.035
Solhaga,2017,5.909,-0.162,-0.283
Steninge,2017,1.278,-2.872,-1.797
Stensätter,2017,-2.843,0.835,-2.019
Stolplyckan,2017,3.778,-0.448,0.276
Sturefors glesbygd,2017,-1.725,-0.229,0.04
Sturefors norra,2017,-1.893,0.335,0.515
Sturefors södra,2017,-3.142,0.774,-0.796
Stångebro östra,2017,20.756,8.208,-7.576
Svartmåla-Unön,2017,-1.133,0.693,1.182
Sätra,2017,-1.362,0.915,1.941
Sättuna,2017,-2.669,1.159,-0.987
Sågareholmen,2017,-1.598,-1.742,-0.916
Södra Ekkällan,2017,-0.062,-2.233,-1.442
Sörgården,2017,9.138,2.903,-0.763
T 1 norra,2017,2.138,-2.436,-0.583
T 1 södra,2017,-0.502,-0.505,-0.886
Tallboda glesbygd,2017,-1.655,0.512,0.013
Tallboda norra,2017,-1.716,0.813,-0.53
Tallboda södra,2017,-0.212,0.44,0.059
Tinneröhöjden,2017,0.417,-2.335,-0.794
Tokarp,2017,-1.966,0.96,0.068
Tornhagen,2017,0.643,-1.794,0.006
Ullstämma södra,2017,-1.401,0.71,-1.518
Ullstämma västra,2017,-1.226,0.247,0.425
Ulrika,2017,2.492,1.73,4.598
Ulrika glesbygd,2017,0.184,1.493,1.653
Universitetsjukhuset,2017,-0.549,-1.639,-1.29
Universitetsområdet,2017,8.138,-5.609,-0.797
Vallastaden,2017,4.055,-4.541,-0.761
Vidingsjö nordost,2017,-2.561,0.152,0.092
Vidingsjö nordväst,2017,-2.781,0.177,-0.242
Vidingsjö sydost,2017,-0.823,0.259,0.93
Vidingsjö sydväst,2017,-0.683,-0.553,1.566
Vikingstad glesbygd,2017,-1.817,0.748,0.318
Vikingstad norra,2017,-1.752,0.223,0.426
Vikingstad södra,2017,-1.563,0.135,-0.281
Vreta,2017,-2.107,-1.297,-0.981
Västerberga,2017,8.374,2.521,-1.078
Västerlösa,2017,-1.948,1.432,0.599
Västerlösa glesbygd,2017,-1.638,0.853,0.419
Vårdsbergs kors,2017,-1.21,2.728,1.729
Änggården,2017,0.992,0.555,-0.904
Åbylund,2017,4.204,-1.959,1.029
Åleryd,2017,-0.672,-0.189,1.15
Ånestad norra,2017,-2.543,-0.217,-0.976
Ånestad södra,2017,-2.597,-0.248,-0.533
Örtomta,2017,-1.989,0.646,0.092
Örtomta västra glesbygd,2017,-1.491,1.576,0.437
Örtomta östra glesbygd,2017,-0.749,0.759,0.926
Österberga norra,2017,7.012,1.304,-0.242
Österberga södra,2017,-2.272,-0.034,0.333
Östernäs,2017,-3.323,0.812,-1.821
Övre Vasastaden västra,2017,4.554,-1.359,0.291
Övre Vasastaden östra,2017,3.133,-2.485,-0.165
Alsätter västra,2016,8.959,-2.716,0.899
Alsätter östra,2016,7.954,2.177,0.07
Arnebo,2016,-1.512,-0.116,0.18
Askeby,2016,-2.5,0.717,0.518
Askeby glesbygd,2016,-2.384,-0.088,0.018
Aspnäset,2016,0.522,-0.141,-2.201
Bankekind,2016,-2.283,0.473,0.794
Bankekind norra glesbygd,2016,-1.687,0.798,-0.122
Bankekind södra glesbygd,2016,-0.974,0.031,0.019
Barhäll,2016,-1.764,0.357,1.047
Berg,2016,-2.721,0.072,0.351
Berg norra glesbygd,2016,-0.582,0.074,-0.544
Berg södra glesbygd,2016,-1.81,0.721,0.114
Berga glesbygd,2016,-1.769,1.765,-0.813
Bestorp norra glesbygd,2016,0.248,-0.276,-0.228
Bestorp södra glesbygd,2016,-1.583,0.711,-0.234
Bestorp västra,2016,-0.897,0.907,-1.369
Bestorp östra,2016,-0.62,0.502,0.032
Bjärka-Säby,2016,-0.85,0.293,0.061
Björkeberg glesbygd,2016,-0.603,2.135,0.053
Björkeberg kyrkby,2016,-0.954,1.341,-0.851
Björnkärr,2016,-1.733,0.486,0.519
Blästad,2016,-1.46,0.671,-0.294
Brokind,2016,-2.382,0.448,0.367
Brokind norra glesbygd,2016,-1.192,-0.261,-0.865
Brokind södra glesbygd,2016,-2.194,0.393,0.374
Brunnby-Heda,2016,-1.106,0.817,0.069
Djurgården centrum,2016,3.553,-4.865,2.863
Duvkullen,2016,0.216,-0.814,-0.229
Ebbepark,2016,1.374,-2.733,1.044
Ekholmen centrum,2016,3.228,0.293,-2.045
Ektuna,2016,-3.264,0.327,0.238
Ekängen glesbygd,2016,-0.337,0.893,-0.578
Fjälla,2016,-1.739,0.06,-0.011
Flistad kyrkby,2016,1.105,-2.019,0.289
Folkets Park,2016,-0.299,-1.94,0.422
Folkungavallen,2016,3.542,-5.604,2.679
Fridhem,2016,2.858,-2.618,-0.255
Fridsberg,2016,-3.346,-0.673,1.475
Gamla Ekkällan,2016,1.622,-2.7,-0.012
Gamla Gottfridsberg,2016,3.296,-1.754,0.02
Gamla Linghem,2016,-1.273,0.668,-0.112
Gamla Malmslätt,2016,-0.963,-0.011,-0.122
Gamla Ramshäll,2016,-0.66,-1.04,-0.142
Gamla Tannefors,2016,1.875,-0.95,-0.939
Gamla Valla,2016,2.722,-3.809,0.537
Gamla Vimanshäll,2016,-2.087,-0.471,1.185
Gammalkil glesbygd,2016,-1.29,0.515,-0.677
Gistad,2016,-0.635,0.936,-1.01
Gistad glesbygd,2016,-1.876,0.185,-0.087
Gullberg,2016,-2.01,0.988,1.367
Gälstad-Lundby,2016,-1.869,1.277,0.021
Hackefors nordväst,2016,-2.737,0.959,1.019
Hagaberg,2016,-1.534,-1.754,0.137
Haninge västra,2016,-1.635,0.392,0.106
Haninge östra,2016,1.865,1.147,-0.419
Harvestad östra,2016,-1.247,-1.424,1.581
Hejdegården norra,2016,2.715,-1.792,-0.327
Himna södra,2016,-2.821,0.668,0.706
Hjulsbro östra,2016,-2.958,0.457,0.335
Holmen,2016,-0.999,0.609,0.23
Hunneberg,2016,2.397,-3.018,-0.42
Innerstaden nordost,2016,2.566,-1.703,-0.826
Innerstaden nordväst,2016,1.666,-2.3,-0.347
Innerstaden sydost,2016,2.207,-1.879,-0.798
Innerstaden sydväst,2016,1.316,-2.176,-1.111
Johannelund västra,2016,4.038,-0.736,-0.714
Johannesborg,2016,2.169,-3.301,-0.43
Jägarvallen,2016,-1.858,0.514,0.584
Kanaljorden,2016,3.054,2.515,-2.794
Kanberget,2016,0.831,-2.13,0.111
Kolbyttemon,2016,-3.015,1.011,0.947
Kränge,2016,-2.57,0.648,1.025
Kungsberget,2016,2.549,-2.268,-0.301
Kvinneby,2016,1.121,0.154,-1.582
Källhemsområdet,2016,-2.455,0.801,-0.245
Kärna-Ledberg glesbygd,2016,-1.684,0.999,-0.113
Lambohov västra,2016,-3.021,-1.335,1.35
Landeryd norra,2016,9.113,-1.084,-10.987
Landeryd västra glesbygd,2016,0.52,0.893,-0.826
Landeryd östra glesbygd,2016,-2.452,0.912,-0.304
Ledberg kyrkby,2016,-1.346,0.372,-0.75
Lilla Mjärdevi,2016,2.249,-0.254,0.573
Linghem norra glesbygd,2016,-1.538,0.901,-0.277
Linghem södra glesbygd,2016,-0.323,1.592,-0.567
Ljungsbro centrum,2016,2.295,0.678,-1.501
Ljungsbro mellersta glesbygd,2016,-1.241,0.515,-0.349
Ljungsbro norra,2016,-2.776,0.981,0.809
Ljungsbro norra glesbygd,2016,-1.293,1.222,-0.927
Ljungsbro södra glesbygd,2016,-1.36,1.185,-0.328
Majelden västra,2016,6.549,0.419,-1.199
Majelden östra,2016,3.435,-1.155,0.032
Malmslätt östra glesbygd,2016,-0.858,0.933,-0.518
Manstorp,2016,-1.851,0.54,0.327
Mariedal,2016,-0.536,0.031,-0.573
Maspelösa,2016,-1.982,0.92,0.753
Munkgärdet,2016,1.6,-2.097,0.43
Munkhagen,2016,1.851,-1.029,-2.247
Möjetorp,2016,-2.408,-0.094,0.851
Nedre Ullstämma,2016,-0.802,0.926,0.367
Nedre Vasastaden,2016,1.781,-2.269,-0.622
Norrberga,2016,-1.23,-1.063,1.341
Nygård,2016,8.221,3.403,0.04
Nykil,2016,-0.052,0.29,-0.424
Nykil norra glesbygd,2016,-1.087,1.008,-0.643
Nykil södra glesbygd,2016,-1.413,0.414,-0.463
Näsby,2016,-5.131,1.411,2.329
Rappestad,2016,-2.303,1.262,-0.522
Rappestad glesbygd,2016,-2.008,1.008,0.241
Ringstorp,2016,-1.58,1.122,-0.128
Risbrinken,2016,1.78,-2.403,-0.409
Rosendal,2016,13.171,8.207,1.337
Roxenbaden,2016,-1.606,-0.102,-0.199
Roxtuna,2016,-2.291,0.753,-0.676
Rystads kyrkby,2016,-0.584,1.08,-0.105
Råberga,2016,2.051,-0.376,-0.14
Sjögestad,2016,-1.001,1.448,-0.081
Sjögestad glesbygd,2016,-1.705,0.862,0.074
Skarpan,2016,1.534,-1.039,-0.67
Skeda Udde,2016,-2.217,-0.037,-0.014
Skeda kyrkby,2016,-2.062,0.831,0.023
Skeda norra glesbygd,2016,-1.886,0.489,0.206
Skeda södra glesbygd,2016,-2.317,0.531,0.06
Skogsvallen,2016,-1.592,-2.255,1.051
Skonberga,2016,-3.309,0.242,0.936
Slaka glesbygd,2016,-1.689,1.367,0.44
Slaka västra,2016,-3.19,0.177,0.986
Slaka östra,2016,-3.352,0.62,1.087
Slestad,2016,1.925,0.473,0.803
Slycke,2016,-1.921,1.598,-0.141
Sockenmarken,2016,-0.438,0.91,-0.279
Solhaga,2016,6.545,0.656,0.247
Steninge,2016,1.771,-2.854,1.662
Stensätter,2016,-3.154,0.563,1.641
Stolplyckan,2016,3.753,-0.325,-0.461
Sturefors glesbygd,2016,-1.737,-0.282,-0.123
Sturefors norra,2016,-2.016,0.37,-0.448
Sturefors södra,2016,-3.104,0.866,0.666
Stångebro östra,2016,18.213,5.332,8.627
Svartmåla-Unön,2016,-1.491,0.699,-1.068
Sätra,2016,-1.198,0.57,-1.961
Sättuna,2016,-3.23,0.604,0.821
Sågareholmen,2016,-1.666,-1.708,0.983
Södra Ekkällan,2016,-0.282,-2.182,1.083
Sörgården,2016,9.19,3.4,0.755
T 1 norra,2016,2.221,-2.377,0.479
T 1 södra,2016,-0.475,-0.394,0.827
Tallboda glesbygd,2016,-1.665,0.54,0.138
Tallboda norra,2016,-1.752,0.852,0.673
Tallboda södra,2016,-0.285,0.572,0.14
Tinneröhöjden,2016,0.303,-2.306,0.746
Tokarp,2016,-1.981,1.061,0.228
Tornhagen,2016,0.596,-1.89,0.092
Ullstämma södra,2016,-2.537,0.054,0.932
Ullstämma västra,2016,-1.406,0.216,-0.412
Ulrika,2016,2.934,1.916,-4.254
Ulrika glesbygd,2016,0.199,1.489,-1.09
Universitetsjukhuset,2016,-0.751,-1.932,1.59
Universitetsområdet,2016,8.117,-5.645,0.941
Vallastaden,2016,2.023,-4.184,0.842
Vidingsjö nordost,2016,-2.628,-0.055,0.009
Vidingsjö nordväst,2016,-2.656,0.036,0.196
Vidingsjö sydost,2016,-0.728,0.379,-0.998
Vidingsjö sydväst,2016,-0.77,-0.578,-1.443
Vikingstad glesbygd,2016,-1.765,0.862,-0.274
Vikingstad norra,2016,-1.774,0.295,-0.252
Vikingstad södra,2016,-1.497,0.296,0.266
Vreta,2016,-1.885,-1.858,0.6
Västerberga,2016,9.03,3.602,0.828
Västerlösa,2016,-1.898,1.547,-0.465
Västerlösa glesbygd,2016,-1.534,0.892,-0.284
Vårdsbergs kors,2016,-1.628,2.189,-1.802
Änggården,2016,1.101,0.497,0.879
Åbylund,2016,4.529,-1.693,-1.249
Åleryd,2016,-0.736,-0.504,-0.888
Ånestad norra,2016,-2.472,-0.339,0.784
Ånestad södra,2016,-2.579,-0.327,0.5
Örtomta,2016,-1.79,1.172,-0.345
Örtomta västra glesbygd,2016,-1.506,1.554,-0.404
Örtomta östra glesbygd,2016,-0.581,0.893,-0.582
Österberga norra,2016,7.567,1.95,0.05
Österberga södra,2016,-2.244,-0.247,-0.526
Östernäs,2016,-3.66,0.741,1.626
Övre Vasastaden västra,2016,4.681,-1.222,-0.303
Övre Vasastaden östra,2016,3.112,-2.519,-0.039
Alsätter västra,2015,8.876,-2.684,-0.733
Alsätter östra,2015,8.004,2.316,-0.712
Arnebo,2015,-1.704,0.055,-0.116
Askeby,2015,-2.257,0.799,-0.368
Askeby glesbygd,2015,-2.104,0.163,-0.184
Aspnäset,2015,0.651,-0.015,2.474
Bankekind,2015,-2.406,0.252,-0.812
Bankekind norra glesbygd,2015,-1.812,0.959,0.166
Bankekind södra glesbygd,2015,-0.971,0.104,0.269
Barhäll,2015,-1.643,0.318,-1.25
Berg,2015,-2.721,-0.147,-0.476
Berg norra glesbygd,2015,-0.604,0.194,0.726
Berg södra glesbygd,2015,-1.962,0.664,-0.039
Berga glesbygd,2015,-1.582,1.759,1.124
Bestorp norra glesbygd,2015,0.326,-0.576,0.4
Bestorp södra glesbygd,2015,-1.659,0.76,0.285
Bestorp västra,2015,-1.156,0.662,1.409
Bestorp östra,2015,0.093,0.956,0.234
Bjärka-Säby,2015,-0.24,0.514,0.243
Björkeberg glesbygd,2015,-1.369,1.712,0.321
Björkeberg kyrkby,2015,-1.068,1.089,1.139
Björnkärr,2015,-1.837,0.454,-0.572
Blästad,2015,-1.534,0.738,0.13
Brokind,2015,-2.393,0.284,-0.475
Brokind norra glesbygd,2015,-1.375,0.114,0.827
Brokind södra glesbygd,2015,-2.166,0.363,-0.193
Brunnby-Heda,2015,-1.114,0.87,-0.068
Djurgården centrum,2015,3.446,-4.763,-2.442
Duvkullen,2015,0.37,-0.861,0.025
Ebbepark,2015,1.309,-2.791,-1.23
Ekholmen centrum,2015,3.162,0.363,2.114
Ektuna,2015,-3.311,0.382,-0.453
Ekängen glesbygd,2015,-0.935,0.919,0.596
Fjälla,2015,-1.753,0.081,0.164
Flistad kyrkby,2015,0.974,-1.928,-0.396
Folkets Park,2015,-0.637,-1.786,-0.428
Folkungavallen,2015,3.442,-5.483,-2.365
Fridhem,2015,2.842,-2.694,0.332
Fridsberg,2015,-3.261,-0.743,-1.622
Gamla Ekkällan,2015,1.616,-2.74,-0.154
Gamla Gottfridsberg,2015,3.332,-1.783,0.029
Gamla Linghem,2015,-1.617,0.584,-0.147
Gamla Malmslätt,2015,-0.962,-0.07,0.156
Gamla Ramshäll,2015,-0.204,-0.925,0.351
Gamla Tannefors,2015,2.092,-0.848,0.739
Gamla Valla,2015,2.57,-3.833,-0.548
Gamla Vimanshäll,2015,-1.572,-0.547,-1.079
Gammalkil glesbygd,2015,-1.365,0.448,0.662
Gistad,2015,-0.617,0.944,1.042
Gistad glesbygd,2015,-1.768,0.479,0.026
Gullberg,2015,-2.26,0.402,-1.126
Gälstad-Lundby,2015,-2.219,0.892,-0.377
Hackefors nordväst,2015,-2.586,0.988,-1.124
Hagaberg,2015,-1.5,-1.71,-0.419
Haninge västra,2015,-1.497,0.527,-0.16
Haninge östra,2015,1.562,0.912,0.148
Harvestad östra,2015,-1.462,-1.671,-1.465
Hejdegården norra,2015,2.687,-1.713,0.174
Himna södra,2015,-2.845,0.551,-0.788
Hjulsbro östra,2015,-2.949,0.513,-0.456
Holmen,2015,-1.007,0.439,-0.325
Hunneberg,2015,2.413,-3.09,0.285
Innerstaden nordost,2015,2.521,-1.729,0.74
Innerstaden nordväst,2015,1.866,-2.29,0.218
Innerstaden sydost,2015,2.2,-1.775,0.595
Innerstaden sydväst,2015,1.247,-2.257,0.937
Johannelund västra,2015,4.139,-0.681,0.692
Johannesborg,2015,2.266,-3.249,0.591
Jägarvallen,2015,-2.197,0.422,-0.58
Kanaljorden,2015,1.929,1.703,4.145
Kanberget,2015,0.794,-2.154,-0.102
Kolbyttemon,2015,-3.147,0.926,-0.283
Kränge,2015,-2.586,0.904,-1.015
Kungsberget,2015,2.726,-2.246,0.42
Kvinneby,2015,0.957,0.103,1.478
Källhemsområdet,2015,-2.488,0.847,0.217
Kärna-Ledberg glesbygd,2015,-1.708,1.102,0.257
Lambohov västra,2015,-2.902,-1.339,-2.824
Landeryd norra,2015,9.307,-0.859,11.419
Landeryd västra glesbygd,2015,0.299,0.588,0.839
Landeryd östra glesbygd,2015,-2.445,1.147,0.404
Ledberg kyrkby,2015,-1.099,0.117,0.818
Lilla Mjärdevi,2015,2.183,-0.248,-0.683
Linghem norra glesbygd,2015,-1.188,0.974,0.473
Linghem södra glesbygd,2015,-0.495,1.394,0.412
Ljungsbro centrum,2015,2.08,0.541,1.47
Ljungsbro mellersta glesbygd,2015,-1.222,0.586,0.354
Ljungsbro norra,2015,-2.841,0.988,-0.815
Ljungsbro norra glesbygd,2015,-1.313,1.311,1.227
Ljungsbro södra glesbygd,2015,-1.297,1.163,0.281
Majelden västra,2015,5.759,-0.032,0.941
Majelden östra,2015,3.621,-0.979,-0.148
Malmslätt östra glesbygd,2015,-0.617,0.911,0.56
Manstorp,2015,-1.763,0.421,-0.353
Mariedal,2015,-0.673,0.07,0.575
Maspelösa,2015,-1.637,0.818,-0.152
Munkgärdet,2015,1.989,-1.898,-0.325
Munkhagen,2015,1.768,-0.92,2.278
Möjetorp,2015,-2.351,-0.108,-0.909
Nedre Ullstämma,2015,-0.868,0.781,-0.157
Nedre Vasastaden,2015,1.758,-2.346,0.712
Norrberga,2015,-0.065,-1.516,-0.389
Nygård,2015,8.31,3.604,-0.279
Nykil,2015,-0.147,0.56,0.177
Nykil norra glesbygd,2015,-1.375,0.968,0.752
Nykil södra glesbygd,2015,-1.075,0.614,0.704
Näsby,2015,-5.157,1.464,-2.593
Rappestad,2015,-2.402,1.37,0.567
Rappestad glesbygd,2015,-2.039,0.852,0.152
Ringstorp,2015,-1.805,1.239,0.268
Risbrinken,2015,1.65,-2.503,0.373
Rosendal,2015,13.133,8.454,-2.269
Roxenbaden,2015,-1.627,0.038,0.446
Roxtuna,2015,-2.437,0.441,0.144
Rystads kyrkby,2015,-0.753,0.327,-0.249
Råberga,2015,2.117,-0.442,-0.109
Sjögestad,2015,-1.392,1.072,-0.087
Sjögestad glesbygd,2015,-1.587,0.979,0.135
Skarpan,2015,1.61,-0.702,0.563
Skeda Udde,2015,-2.342,0.079,-0.295
Skeda kyrkby,2015,-1.91,1.009,-0.131
Skeda norra glesbygd,2015,-1.752,0.497,0.06
Skeda södra glesbygd,2015,-2.424,0.437,-0.106
Skogsvallen,2015,-1.572,-2.34,-1.057
Skonberga,2015,-3.292,0.296,-1.058
Slaka glesbygd,2015,-1.617,1.198,-0.427
Slaka västra,2015,-2.955,-0.045,-0.801
Slaka östra,2015,-3.239,0.7,-1.383
Slestad,2015,2.059,0.588,-0.966
Slycke,2015,-2.006,1.742,0.229
Sockenmarken,2015,-0.397,0.948,0.048
Solhaga,2015,6.427,0.675,-0.558
Steninge,2015,3.71,-1.894,-2.084
Stensätter,2015,-3.258,0.279,-1.718
Stolplyckan,2015,3.401,-0.636,0.304
Sturefors glesbygd,2015,-1.876,-0.461,0.001
Sturefors norra,2015,-2.112,0.318,0.295
Sturefors södra,2015,-3.124,0.848,-0.904
Stångebro östra,2015,17.756,5.144,-7.026
Svartmåla-Unön,2015,-1.42,0.975,1.43
Sätra,2015,-1.429,0.714,1.428
Sättuna,2015,-2.678,0.884,-0.684
Sågareholmen,2015,-1.468,-1.608,-0.254
Södra Ekkällan,2015,-0.268,-2.183,-1.109
Sörgården,2015,9.0,3.2,-0.778
T 1 norra,2015,2.225,-2.352,-0.614
T 1 södra,2015,-0.526,-0.448,-0.977
Tallboda glesbygd,2015,-1.705,0.606,-0.183
Tallboda norra,2015,-1.551,0.837,-0.688
Tallboda södra,2015,-0.353,0.41,0.006
Tinneröhöjden,2015,0.444,-2.12,-0.768
Tokarp,2015,-2.156,0.992,-0.329
Tornhagen,2015,0.493,-1.816,-0.112
Ullstämma södra,2015,-2.4,-0.133,-0.981
Ullstämma västra,2015,-1.44,0.194,0.311
Ulrika,2015,3.171,2.508,3.567
Ulrika glesbygd,2015,0.307,1.35,1.57
Universitetsjukhuset,2015,-1.645,-1.932,-1.639
Universitetsområdet,2015,8.149,-5.232,-0.434
Vallastaden,2015,1.98,-4.297,-0.826
Vidingsjö nordost,2015,-2.523,-0.007,0.085
Vidingsjö nordväst,2015,-2.711,-0.038,-0.304
Vidingsjö sydost,2015,-0.632,0.368,1.157
Vidingsjö sydväst,2015,-0.878,-0.456,1.386
Vikingstad glesbygd,2015,-2.015,0.712,0.159
Vikingstad norra,2015,-1.812,0.361,0.414
Vikingstad södra,2015,-1.377,0.252,-0.22
Vreta,2015,-1.945,-1.52,-0.83
Västerberga,2015,9.309,3.721,-1.686
Västerlösa,2015,-1.839,1.655,0.91
Västerlösa glesbygd,2015,-1.779,0.732,0.146
Vårdsbergs kors,2015,-1.665,2.75,2.494
Änggården,2015,1.158,0.525,-0.975
Åbylund,2015,4.227,-1.85,1.238
Åleryd,2015,-0.876,-0.747,1.013
Ånestad norra,2015,-2.313,-0.359,-0.725
Ånestad södra,2015,-2.653,-0.277,-0.526
Örtomta,2015,-1.885,1.171,-0.002
Örtomta västra glesbygd,2015,-1.16,1.559,0.373
Örtomta östra glesbygd,2015,-0.287,1.09,0.813
Österberga norra,2015,7.809,2.163,-0.641
Österberga södra,2015,-2.165,-0.177,0.401
Östernäs,2015,-3.608,0.697,-1.781
Övre Vasastaden västra,2015,4.981,-1.442,0.2
Övre Vasastaden östra,2015,3.138,-2.461,0.04
